"name","cueType","time_bin","image","proportion"
"TYS_104","label",0,"prop_a",0
"TYS_104","label",1,"prop_a",0
"TYS_104","label",2,"prop_a",0
"TYS_104","label",3,"prop_a",0
"TYS_104","label",4,"prop_a",0
"TYS_104","label",5,"prop_a",0.0263157894736842
"TYS_104","label",6,"prop_a",0.0941176470588235
"TYS_104","label",7,"prop_a",0.128205128205128
"TYS_104","label",8,"prop_a",0.0864197530864197
"TYS_104","label",9,"prop_a",0.0595238095238095
"TYS_104","label",10,"prop_a",0.0481927710843374
"TYS_104","label",11,"prop_a",0.0952380952380952
"TYS_104","label",12,"prop_a",0.186813186813187
"TYS_104","label",13,"prop_a",0.181818181818182
"TYS_104","label",14,"prop_a",0.183908045977011
"TYS_104","label",15,"prop_a",0.156626506024096
"TYS_104","label",16,"prop_a",0.13953488372093
"TYS_104","label",17,"prop_a",0.195402298850575
"TYS_104","label",18,"prop_a",0.186666666666667
"TYS_104","label",19,"prop_a",0.178571428571429
"TYS_104","label",20,"prop_a",0.125
"TYS_104","sound",0,"prop_a",0
"TYS_104","sound",1,"prop_a",0
"TYS_104","sound",2,"prop_a",0
"TYS_104","sound",3,"prop_a",0.0333333333333333
"TYS_104","sound",4,"prop_a",0.0285714285714286
"TYS_104","sound",5,"prop_a",0.0273972602739726
"TYS_104","sound",6,"prop_a",0.114942528735632
"TYS_104","sound",7,"prop_a",0.1375
"TYS_104","sound",8,"prop_a",0.174418604651163
"TYS_104","sound",9,"prop_a",0.172839506172839
"TYS_104","sound",10,"prop_a",0.177777777777778
"TYS_104","sound",11,"prop_a",0.162790697674419
"TYS_104","sound",12,"prop_a",0.133333333333333
"TYS_104","sound",13,"prop_a",0.154761904761905
"TYS_104","sound",14,"prop_a",0.144444444444444
"TYS_104","sound",15,"prop_a",0.149425287356322
"TYS_104","sound",16,"prop_a",0.113636363636364
"TYS_104","sound",17,"prop_a",0.123595505617978
"TYS_104","sound",18,"prop_a",0.137931034482759
"TYS_104","sound",19,"prop_a",0.169491525423729
"TYS_104","sound",20,"prop_a",0.185185185185185
"TYS_120","label",0,"prop_a",0
"TYS_120","label",1,"prop_a",0
"TYS_120","label",2,"prop_a",0
"TYS_120","label",3,"prop_a",0.145454545454545
"TYS_120","label",4,"prop_a",0.164383561643836
"TYS_120","label",5,"prop_a",0.175824175824176
"TYS_120","label",6,"prop_a",0.16
"TYS_120","label",7,"prop_a",0.170454545454545
"TYS_120","label",8,"prop_a",0.235294117647059
"TYS_120","label",9,"prop_a",0.224719101123595
"TYS_120","label",10,"prop_a",0.263157894736842
"TYS_120","label",11,"prop_a",0.166666666666667
"TYS_120","label",12,"prop_a",0.1875
"TYS_120","label",13,"prop_a",0.139784946236559
"TYS_120","label",14,"prop_a",0.148936170212766
"TYS_120","label",15,"prop_a",0.166666666666667
"TYS_120","label",16,"prop_a",0.136842105263158
"TYS_120","label",17,"prop_a",0.157303370786517
"TYS_120","label",18,"prop_a",0.111111111111111
"TYS_120","label",19,"prop_a",0.12
"TYS_120","label",20,"prop_a",0.142857142857143
"TYS_120","sound",0,"prop_a",0
"TYS_120","sound",1,"prop_a",0
"TYS_120","sound",2,"prop_a",0
"TYS_120","sound",3,"prop_a",0.0769230769230769
"TYS_120","sound",4,"prop_a",0.111111111111111
"TYS_120","sound",5,"prop_a",0.155844155844156
"TYS_120","sound",6,"prop_a",0.196078431372549
"TYS_120","sound",7,"prop_a",0.283950617283951
"TYS_120","sound",8,"prop_a",0.284210526315789
"TYS_120","sound",9,"prop_a",0.296703296703297
"TYS_120","sound",10,"prop_a",0.326732673267327
"TYS_120","sound",11,"prop_a",0.277777777777778
"TYS_120","sound",12,"prop_a",0.25
"TYS_120","sound",13,"prop_a",0.231578947368421
"TYS_120","sound",14,"prop_a",0.217391304347826
"TYS_120","sound",15,"prop_a",0.232558139534884
"TYS_120","sound",16,"prop_a",0.241379310344828
"TYS_120","sound",17,"prop_a",0.283950617283951
"TYS_120","sound",18,"prop_a",0.337837837837838
"TYS_120","sound",19,"prop_a",0.345454545454545
"TYS_120","sound",20,"prop_a",0.391304347826087
"TYS_122","label",0,"prop_a",0
"TYS_122","label",1,"prop_a",0
"TYS_122","label",2,"prop_a",0.0333333333333333
"TYS_122","label",3,"prop_a",0.0579710144927536
"TYS_122","label",4,"prop_a",0.172043010752688
"TYS_122","label",5,"prop_a",0.271739130434783
"TYS_122","label",6,"prop_a",0.282608695652174
"TYS_122","label",7,"prop_a",0.247311827956989
"TYS_122","label",8,"prop_a",0.222222222222222
"TYS_122","label",9,"prop_a",0.247191011235955
"TYS_122","label",10,"prop_a",0.3
"TYS_122","label",11,"prop_a",0.282828282828283
"TYS_122","label",12,"prop_a",0.208333333333333
"TYS_122","label",13,"prop_a",0.2
"TYS_122","label",14,"prop_a",0.195876288659794
"TYS_122","label",15,"prop_a",0.217391304347826
"TYS_122","label",16,"prop_a",0.182692307692308
"TYS_122","label",17,"prop_a",0.184782608695652
"TYS_122","label",18,"prop_a",0.183908045977011
"TYS_122","label",19,"prop_a",0.1875
"TYS_122","label",20,"prop_a",0.21875
"TYS_122","sound",0,"prop_a",0
"TYS_122","sound",1,"prop_a",0
"TYS_122","sound",2,"prop_a",0.072463768115942
"TYS_122","sound",3,"prop_a",0.164383561643836
"TYS_122","sound",4,"prop_a",0.196078431372549
"TYS_122","sound",5,"prop_a",0.260869565217391
"TYS_122","sound",6,"prop_a",0.33
"TYS_122","sound",7,"prop_a",0.414893617021277
"TYS_122","sound",8,"prop_a",0.387755102040816
"TYS_122","sound",9,"prop_a",0.412371134020619
"TYS_122","sound",10,"prop_a",0.352941176470588
"TYS_122","sound",11,"prop_a",0.356435643564356
"TYS_122","sound",12,"prop_a",0.350515463917526
"TYS_122","sound",13,"prop_a",0.306930693069307
"TYS_122","sound",14,"prop_a",0.326086956521739
"TYS_122","sound",15,"prop_a",0.260416666666667
"TYS_122","sound",16,"prop_a",0.234042553191489
"TYS_122","sound",17,"prop_a",0.271739130434783
"TYS_122","sound",18,"prop_a",0.244186046511628
"TYS_122","sound",19,"prop_a",0.215686274509804
"TYS_122","sound",20,"prop_a",0.142857142857143
"TYS_125","label",0,"prop_a",0
"TYS_125","label",1,"prop_a",0
"TYS_125","label",2,"prop_a",0
"TYS_125","label",3,"prop_a",0.0238095238095238
"TYS_125","label",4,"prop_a",0.0408163265306122
"TYS_125","label",5,"prop_a",0.0377358490566038
"TYS_125","label",6,"prop_a",0.0909090909090909
"TYS_125","label",7,"prop_a",0.0655737704918033
"TYS_125","label",8,"prop_a",0.0303030303030303
"TYS_125","label",9,"prop_a",0.0571428571428571
"TYS_125","label",10,"prop_a",0.0769230769230769
"TYS_125","label",11,"prop_a",0.115942028985507
"TYS_125","label",12,"prop_a",0.123076923076923
"TYS_125","label",13,"prop_a",0.10958904109589
"TYS_125","label",14,"prop_a",0.128571428571429
"TYS_125","label",15,"prop_a",0.150684931506849
"TYS_125","label",16,"prop_a",0.180327868852459
"TYS_125","label",17,"prop_a",0.181818181818182
"TYS_125","label",18,"prop_a",0.142857142857143
"TYS_125","label",19,"prop_a",0.186046511627907
"TYS_125","label",20,"prop_a",0.105263157894737
"TYS_125","sound",0,"prop_a",0
"TYS_125","sound",1,"prop_a",0
"TYS_125","sound",2,"prop_a",0
"TYS_125","sound",3,"prop_a",0.0208333333333333
"TYS_125","sound",4,"prop_a",0.0384615384615385
"TYS_125","sound",5,"prop_a",0.06
"TYS_125","sound",6,"prop_a",0.0645161290322581
"TYS_125","sound",7,"prop_a",0.0983606557377049
"TYS_125","sound",8,"prop_a",0.164179104477612
"TYS_125","sound",9,"prop_a",0.164179104477612
"TYS_125","sound",10,"prop_a",0.173913043478261
"TYS_125","sound",11,"prop_a",0.142857142857143
"TYS_125","sound",12,"prop_a",0.12
"TYS_125","sound",13,"prop_a",0.0294117647058824
"TYS_125","sound",14,"prop_a",0.0547945205479452
"TYS_125","sound",15,"prop_a",0.0882352941176471
"TYS_125","sound",16,"prop_a",0.125
"TYS_125","sound",17,"prop_a",0.121212121212121
"TYS_125","sound",18,"prop_a",0.0461538461538462
"TYS_125","sound",19,"prop_a",0.0487804878048781
"TYS_125","sound",20,"prop_a",0.04
"TYS_202","label",0,"prop_a",0
"TYS_202","label",1,"prop_a",0
"TYS_202","label",2,"prop_a",0.0169491525423729
"TYS_202","label",3,"prop_a",0.272727272727273
"TYS_202","label",4,"prop_a",0.357142857142857
"TYS_202","label",5,"prop_a",0.325301204819277
"TYS_202","label",6,"prop_a",0.27710843373494
"TYS_202","label",7,"prop_a",0.256410256410256
"TYS_202","label",8,"prop_a",0.219178082191781
"TYS_202","label",9,"prop_a",0.159420289855072
"TYS_202","label",10,"prop_a",0.178571428571429
"TYS_202","label",11,"prop_a",0.202380952380952
"TYS_202","label",12,"prop_a",0.166666666666667
"TYS_202","label",13,"prop_a",0.158536585365854
"TYS_202","label",14,"prop_a",0.141025641025641
"TYS_202","label",15,"prop_a",0.182926829268293
"TYS_202","label",16,"prop_a",0.160493827160494
"TYS_202","label",17,"prop_a",0.136986301369863
"TYS_202","label",18,"prop_a",0.144927536231884
"TYS_202","label",19,"prop_a",0.157894736842105
"TYS_202","label",20,"prop_a",0.175
"TYS_202","sound",0,"prop_a",0
"TYS_202","sound",1,"prop_a",0
"TYS_202","sound",2,"prop_a",0
"TYS_202","sound",3,"prop_a",0.0727272727272727
"TYS_202","sound",4,"prop_a",0.153846153846154
"TYS_202","sound",5,"prop_a",0.232558139534884
"TYS_202","sound",6,"prop_a",0.333333333333333
"TYS_202","sound",7,"prop_a",0.37037037037037
"TYS_202","sound",8,"prop_a",0.296296296296296
"TYS_202","sound",9,"prop_a",0.185185185185185
"TYS_202","sound",10,"prop_a",0.191011235955056
"TYS_202","sound",11,"prop_a",0.207792207792208
"TYS_202","sound",12,"prop_a",0.157303370786517
"TYS_202","sound",13,"prop_a",0.130952380952381
"TYS_202","sound",14,"prop_a",0.0851063829787234
"TYS_202","sound",15,"prop_a",0.0919540229885057
"TYS_202","sound",16,"prop_a",0.123595505617978
"TYS_202","sound",17,"prop_a",0.136363636363636
"TYS_202","sound",18,"prop_a",0.155844155844156
"TYS_202","sound",19,"prop_a",0.203125
"TYS_202","sound",20,"prop_a",0.234042553191489
"TYS_203","label",0,"prop_a",0
"TYS_203","label",1,"prop_a",0
"TYS_203","label",2,"prop_a",0
"TYS_203","label",3,"prop_a",0.0338983050847458
"TYS_203","label",4,"prop_a",0.0428571428571429
"TYS_203","label",5,"prop_a",0.0947368421052632
"TYS_203","label",6,"prop_a",0.111111111111111
"TYS_203","label",7,"prop_a",0.179775280898876
"TYS_203","label",8,"prop_a",0.208791208791209
"TYS_203","label",9,"prop_a",0.209302325581395
"TYS_203","label",10,"prop_a",0.179775280898876
"TYS_203","label",11,"prop_a",0.179775280898876
"TYS_203","label",12,"prop_a",0.217391304347826
"TYS_203","label",13,"prop_a",0.154639175257732
"TYS_203","label",14,"prop_a",0.155555555555556
"TYS_203","label",15,"prop_a",0.162790697674419
"TYS_203","label",16,"prop_a",0.208791208791209
"TYS_203","label",17,"prop_a",0.178571428571429
"TYS_203","label",18,"prop_a",0.1625
"TYS_203","label",19,"prop_a",0.16
"TYS_203","label",20,"prop_a",0.0769230769230769
"TYS_203","sound",0,"prop_a",0
"TYS_203","sound",1,"prop_a",0
"TYS_203","sound",2,"prop_a",0
"TYS_203","sound",3,"prop_a",0.0862068965517241
"TYS_203","sound",4,"prop_a",0.115384615384615
"TYS_203","sound",5,"prop_a",0.1875
"TYS_203","sound",6,"prop_a",0.222222222222222
"TYS_203","sound",7,"prop_a",0.25974025974026
"TYS_203","sound",8,"prop_a",0.241758241758242
"TYS_203","sound",9,"prop_a",0.269662921348315
"TYS_203","sound",10,"prop_a",0.344086021505376
"TYS_203","sound",11,"prop_a",0.241758241758242
"TYS_203","sound",12,"prop_a",0.230769230769231
"TYS_203","sound",13,"prop_a",0.207920792079208
"TYS_203","sound",14,"prop_a",0.144444444444444
"TYS_203","sound",15,"prop_a",0.0957446808510638
"TYS_203","sound",16,"prop_a",0.0909090909090909
"TYS_203","sound",17,"prop_a",0.141304347826087
"TYS_203","sound",18,"prop_a",0.148648648648649
"TYS_203","sound",19,"prop_a",0.183673469387755
"TYS_203","sound",20,"prop_a",0.277777777777778
"TYS_204","label",0,"prop_a",0
"TYS_204","label",1,"prop_a",0
"TYS_204","label",2,"prop_a",0
"TYS_204","label",3,"prop_a",0.2
"TYS_204","label",4,"prop_a",0.210526315789474
"TYS_204","label",5,"prop_a",0.217391304347826
"TYS_204","label",6,"prop_a",0.0869565217391304
"TYS_204","label",7,"prop_a",0.173913043478261
"TYS_204","label",8,"prop_a",0.142857142857143
"TYS_204","label",9,"prop_a",0.157894736842105
"TYS_204","label",10,"prop_a",0.0952380952380952
"TYS_204","label",11,"prop_a",0.111111111111111
"TYS_204","label",12,"prop_a",0.111111111111111
"TYS_204","label",13,"prop_a",0.0526315789473684
"TYS_204","label",14,"prop_a",0
"TYS_204","label",15,"prop_a",0.117647058823529
"TYS_204","label",16,"prop_a",0.214285714285714
"TYS_204","label",17,"prop_a",0.214285714285714
"TYS_204","label",18,"prop_a",0.133333333333333
"TYS_204","label",19,"prop_a",0.0833333333333333
"TYS_204","label",20,"prop_a",0.142857142857143
"TYS_204","sound",0,"prop_a",0
"TYS_204","sound",1,"prop_a",0
"TYS_204","sound",2,"prop_a",0
"TYS_204","sound",3,"prop_a",0
"TYS_204","sound",4,"prop_a",0.117647058823529
"TYS_204","sound",5,"prop_a",0.19047619047619
"TYS_204","sound",6,"prop_a",0.166666666666667
"TYS_204","sound",7,"prop_a",0.0952380952380952
"TYS_204","sound",8,"prop_a",0.0833333333333333
"TYS_204","sound",9,"prop_a",0
"TYS_204","sound",10,"prop_a",0.04
"TYS_204","sound",11,"prop_a",0.1
"TYS_204","sound",12,"prop_a",0.0952380952380952
"TYS_204","sound",13,"prop_a",0.0555555555555556
"TYS_204","sound",14,"prop_a",0.0952380952380952
"TYS_204","sound",15,"prop_a",0.05
"TYS_204","sound",16,"prop_a",0.111111111111111
"TYS_204","sound",17,"prop_a",0.0588235294117647
"TYS_204","sound",18,"prop_a",0.235294117647059
"TYS_204","sound",19,"prop_a",0.333333333333333
"TYS_204","sound",20,"prop_a",0.333333333333333
"TYS_205","label",0,"prop_a",0
"TYS_205","label",1,"prop_a",0
"TYS_205","label",2,"prop_a",0
"TYS_205","label",3,"prop_a",0
"TYS_205","label",4,"prop_a",0.04
"TYS_205","label",5,"prop_a",0.0808080808080808
"TYS_205","label",6,"prop_a",0.13265306122449
"TYS_205","label",7,"prop_a",0.150537634408602
"TYS_205","label",8,"prop_a",0.16304347826087
"TYS_205","label",9,"prop_a",0.180851063829787
"TYS_205","label",10,"prop_a",0.12621359223301
"TYS_205","label",11,"prop_a",0.166666666666667
"TYS_205","label",12,"prop_a",0.145631067961165
"TYS_205","label",13,"prop_a",0.177083333333333
"TYS_205","label",14,"prop_a",0.232323232323232
"TYS_205","label",15,"prop_a",0.2
"TYS_205","label",16,"prop_a",0.193548387096774
"TYS_205","label",17,"prop_a",0.147727272727273
"TYS_205","label",18,"prop_a",0.135416666666667
"TYS_205","label",19,"prop_a",0.135135135135135
"TYS_205","label",20,"prop_a",0.119047619047619
"TYS_205","sound",0,"prop_a",0
"TYS_205","sound",1,"prop_a",0
"TYS_205","sound",2,"prop_a",0.0172413793103448
"TYS_205","sound",3,"prop_a",0.0428571428571429
"TYS_205","sound",4,"prop_a",0.06
"TYS_205","sound",5,"prop_a",0.117021276595745
"TYS_205","sound",6,"prop_a",0.216494845360825
"TYS_205","sound",7,"prop_a",0.213592233009709
"TYS_205","sound",8,"prop_a",0.181818181818182
"TYS_205","sound",9,"prop_a",0.147058823529412
"TYS_205","sound",10,"prop_a",0.107843137254902
"TYS_205","sound",11,"prop_a",0.0825688073394495
"TYS_205","sound",12,"prop_a",0.144230769230769
"TYS_205","sound",13,"prop_a",0.12621359223301
"TYS_205","sound",14,"prop_a",0.164948453608247
"TYS_205","sound",15,"prop_a",0.178217821782178
"TYS_205","sound",16,"prop_a",0.182795698924731
"TYS_205","sound",17,"prop_a",0.146067415730337
"TYS_205","sound",18,"prop_a",0.151898734177215
"TYS_205","sound",19,"prop_a",0.140625
"TYS_205","sound",20,"prop_a",0.142857142857143
"TYS_206","label",0,"prop_a",0
"TYS_206","label",1,"prop_a",0
"TYS_206","label",2,"prop_a",0.0163934426229508
"TYS_206","label",3,"prop_a",0.102564102564103
"TYS_206","label",4,"prop_a",0.0892857142857143
"TYS_206","label",5,"prop_a",0.10958904109589
"TYS_206","label",6,"prop_a",0.0975609756097561
"TYS_206","label",7,"prop_a",0.118421052631579
"TYS_206","label",8,"prop_a",0.1
"TYS_206","label",9,"prop_a",0.0810810810810811
"TYS_206","label",10,"prop_a",0.0405405405405405
"TYS_206","label",11,"prop_a",0.0422535211267606
"TYS_206","label",12,"prop_a",0.0533333333333333
"TYS_206","label",13,"prop_a",0.0547945205479452
"TYS_206","label",14,"prop_a",0.072463768115942
"TYS_206","label",15,"prop_a",0.0972222222222222
"TYS_206","label",16,"prop_a",0.0833333333333333
"TYS_206","label",17,"prop_a",0.102941176470588
"TYS_206","label",18,"prop_a",0.107142857142857
"TYS_206","label",19,"prop_a",0.179487179487179
"TYS_206","label",20,"prop_a",0.166666666666667
"TYS_206","sound",0,"prop_a",0
"TYS_206","sound",1,"prop_a",0
"TYS_206","sound",2,"prop_a",0
"TYS_206","sound",3,"prop_a",0
"TYS_206","sound",4,"prop_a",0.0188679245283019
"TYS_206","sound",5,"prop_a",0.0303030303030303
"TYS_206","sound",6,"prop_a",0.0317460317460317
"TYS_206","sound",7,"prop_a",0.0714285714285714
"TYS_206","sound",8,"prop_a",0.0476190476190476
"TYS_206","sound",9,"prop_a",0.0833333333333333
"TYS_206","sound",10,"prop_a",0.0757575757575758
"TYS_206","sound",11,"prop_a",0.125
"TYS_206","sound",12,"prop_a",0.107692307692308
"TYS_206","sound",13,"prop_a",0.117647058823529
"TYS_206","sound",14,"prop_a",0.119402985074627
"TYS_206","sound",15,"prop_a",0.121212121212121
"TYS_206","sound",16,"prop_a",0.0769230769230769
"TYS_206","sound",17,"prop_a",0.0689655172413793
"TYS_206","sound",18,"prop_a",0.06
"TYS_206","sound",19,"prop_a",0.0571428571428571
"TYS_206","sound",20,"prop_a",0.0588235294117647
"TYS_207","label",0,"prop_a",0
"TYS_207","label",1,"prop_a",0
"TYS_207","label",2,"prop_a",0
"TYS_207","label",3,"prop_a",0.0277777777777778
"TYS_207","label",4,"prop_a",0.0273972602739726
"TYS_207","label",5,"prop_a",0.0416666666666667
"TYS_207","label",6,"prop_a",0.0625
"TYS_207","label",7,"prop_a",0.129411764705882
"TYS_207","label",8,"prop_a",0.181818181818182
"TYS_207","label",9,"prop_a",0.2
"TYS_207","label",10,"prop_a",0.172413793103448
"TYS_207","label",11,"prop_a",0.174418604651163
"TYS_207","label",12,"prop_a",0.19047619047619
"TYS_207","label",13,"prop_a",0.2125
"TYS_207","label",14,"prop_a",0.215189873417722
"TYS_207","label",15,"prop_a",0.166666666666667
"TYS_207","label",16,"prop_a",0.115384615384615
"TYS_207","label",17,"prop_a",0.112676056338028
"TYS_207","label",18,"prop_a",0.136363636363636
"TYS_207","label",19,"prop_a",0.19047619047619
"TYS_207","label",20,"prop_a",0.238095238095238
"TYS_207","sound",0,"prop_a",0
"TYS_207","sound",1,"prop_a",0
"TYS_207","sound",2,"prop_a",0
"TYS_207","sound",3,"prop_a",0.0140845070422535
"TYS_207","sound",4,"prop_a",0.0533333333333333
"TYS_207","sound",5,"prop_a",0.103896103896104
"TYS_207","sound",6,"prop_a",0.144578313253012
"TYS_207","sound",7,"prop_a",0.182926829268293
"TYS_207","sound",8,"prop_a",0.244186046511628
"TYS_207","sound",9,"prop_a",0.25531914893617
"TYS_207","sound",10,"prop_a",0.244444444444444
"TYS_207","sound",11,"prop_a",0.25
"TYS_207","sound",12,"prop_a",0.288888888888889
"TYS_207","sound",13,"prop_a",0.270588235294118
"TYS_207","sound",14,"prop_a",0.321428571428571
"TYS_207","sound",15,"prop_a",0.353658536585366
"TYS_207","sound",16,"prop_a",0.337209302325581
"TYS_207","sound",17,"prop_a",0.307692307692308
"TYS_207","sound",18,"prop_a",0.23943661971831
"TYS_207","sound",19,"prop_a",0.25531914893617
"TYS_207","sound",20,"prop_a",0.208333333333333
"TYS_209","label",0,"prop_a",0
"TYS_209","label",1,"prop_a",0
"TYS_209","label",2,"prop_a",0.0151515151515152
"TYS_209","label",3,"prop_a",0.0895522388059701
"TYS_209","label",4,"prop_a",0.121621621621622
"TYS_209","label",5,"prop_a",0.181818181818182
"TYS_209","label",6,"prop_a",0.239130434782609
"TYS_209","label",7,"prop_a",0.258064516129032
"TYS_209","label",8,"prop_a",0.3
"TYS_209","label",9,"prop_a",0.295454545454545
"TYS_209","label",10,"prop_a",0.244897959183673
"TYS_209","label",11,"prop_a",0.239130434782609
"TYS_209","label",12,"prop_a",0.195402298850575
"TYS_209","label",13,"prop_a",0.1875
"TYS_209","label",14,"prop_a",0.16304347826087
"TYS_209","label",15,"prop_a",0.119565217391304
"TYS_209","label",16,"prop_a",0.0864197530864197
"TYS_209","label",17,"prop_a",0.0875
"TYS_209","label",18,"prop_a",0.10958904109589
"TYS_209","label",19,"prop_a",0.152173913043478
"TYS_209","label",20,"prop_a",0.181818181818182
"TYS_209","sound",0,"prop_a",0
"TYS_209","sound",1,"prop_a",0
"TYS_209","sound",2,"prop_a",0
"TYS_209","sound",3,"prop_a",0.0138888888888889
"TYS_209","sound",4,"prop_a",0.04
"TYS_209","sound",5,"prop_a",0.0681818181818182
"TYS_209","sound",6,"prop_a",0.122222222222222
"TYS_209","sound",7,"prop_a",0.170454545454545
"TYS_209","sound",8,"prop_a",0.211764705882353
"TYS_209","sound",9,"prop_a",0.238636363636364
"TYS_209","sound",10,"prop_a",0.224719101123595
"TYS_209","sound",11,"prop_a",0.204301075268817
"TYS_209","sound",12,"prop_a",0.208333333333333
"TYS_209","sound",13,"prop_a",0.192771084337349
"TYS_209","sound",14,"prop_a",0.225806451612903
"TYS_209","sound",15,"prop_a",0.235955056179775
"TYS_209","sound",16,"prop_a",0.222222222222222
"TYS_209","sound",17,"prop_a",0.209302325581395
"TYS_209","sound",18,"prop_a",0.136363636363636
"TYS_209","sound",19,"prop_a",0.0232558139534884
"TYS_209","sound",20,"prop_a",0
"TYS_210","label",0,"prop_a",0
"TYS_210","label",1,"prop_a",0
"TYS_210","label",2,"prop_a",0
"TYS_210","label",3,"prop_a",0.0377358490566038
"TYS_210","label",4,"prop_a",0.0428571428571429
"TYS_210","label",5,"prop_a",0.0579710144927536
"TYS_210","label",6,"prop_a",0.0571428571428571
"TYS_210","label",7,"prop_a",0.072463768115942
"TYS_210","label",8,"prop_a",0.0833333333333333
"TYS_210","label",9,"prop_a",0.0921052631578947
"TYS_210","label",10,"prop_a",0.0833333333333333
"TYS_210","label",11,"prop_a",0.102564102564103
"TYS_210","label",12,"prop_a",0.126760563380282
"TYS_210","label",13,"prop_a",0.142857142857143
"TYS_210","label",14,"prop_a",0.168831168831169
"TYS_210","label",15,"prop_a",0.146666666666667
"TYS_210","label",16,"prop_a",0.161764705882353
"TYS_210","label",17,"prop_a",0.111111111111111
"TYS_210","label",18,"prop_a",0.111111111111111
"TYS_210","label",19,"prop_a",0.13953488372093
"TYS_210","label",20,"prop_a",0.0833333333333333
"TYS_210","sound",0,"prop_a",0
"TYS_210","sound",1,"prop_a",0
"TYS_210","sound",2,"prop_a",0
"TYS_210","sound",3,"prop_a",0.0181818181818182
"TYS_210","sound",4,"prop_a",0.0266666666666667
"TYS_210","sound",5,"prop_a",0.032258064516129
"TYS_210","sound",6,"prop_a",0.0609756097560976
"TYS_210","sound",7,"prop_a",0.08
"TYS_210","sound",8,"prop_a",0.0810810810810811
"TYS_210","sound",9,"prop_a",0.0657894736842105
"TYS_210","sound",10,"prop_a",0.115384615384615
"TYS_210","sound",11,"prop_a",0.1375
"TYS_210","sound",12,"prop_a",0.142857142857143
"TYS_210","sound",13,"prop_a",0.12987012987013
"TYS_210","sound",14,"prop_a",0.10126582278481
"TYS_210","sound",15,"prop_a",0.0886075949367089
"TYS_210","sound",16,"prop_a",0.103896103896104
"TYS_210","sound",17,"prop_a",0.1
"TYS_210","sound",18,"prop_a",0.087719298245614
"TYS_210","sound",19,"prop_a",0.0857142857142857
"TYS_210","sound",20,"prop_a",0
"TYS_212","label",0,"prop_a",0
"TYS_212","label",1,"prop_a",0
"TYS_212","label",2,"prop_a",0
"TYS_212","label",3,"prop_a",0.0222222222222222
"TYS_212","label",4,"prop_a",0.107692307692308
"TYS_212","label",5,"prop_a",0.0958904109589041
"TYS_212","label",6,"prop_a",0.0864197530864197
"TYS_212","label",7,"prop_a",0.0602409638554217
"TYS_212","label",8,"prop_a",0.0779220779220779
"TYS_212","label",9,"prop_a",0.0789473684210526
"TYS_212","label",10,"prop_a",0.0843373493975904
"TYS_212","label",11,"prop_a",0.0930232558139535
"TYS_212","label",12,"prop_a",0.126436781609195
"TYS_212","label",13,"prop_a",0.105882352941176
"TYS_212","label",14,"prop_a",0.118279569892473
"TYS_212","label",15,"prop_a",0.127906976744186
"TYS_212","label",16,"prop_a",0.133333333333333
"TYS_212","label",17,"prop_a",0.183908045977011
"TYS_212","label",18,"prop_a",0.168674698795181
"TYS_212","label",19,"prop_a",0.148148148148148
"TYS_212","label",20,"prop_a",0.173913043478261
"TYS_212","sound",0,"prop_a",0
"TYS_212","sound",1,"prop_a",0
"TYS_212","sound",2,"prop_a",0.0135135135135135
"TYS_212","sound",3,"prop_a",0.0652173913043478
"TYS_212","sound",4,"prop_a",0.135593220338983
"TYS_212","sound",5,"prop_a",0.189873417721519
"TYS_212","sound",6,"prop_a",0.160919540229885
"TYS_212","sound",7,"prop_a",0.144578313253012
"TYS_212","sound",8,"prop_a",0.140845070422535
"TYS_212","sound",9,"prop_a",0.16
"TYS_212","sound",10,"prop_a",0.151898734177215
"TYS_212","sound",11,"prop_a",0.130952380952381
"TYS_212","sound",12,"prop_a",0.129411764705882
"TYS_212","sound",13,"prop_a",0.144578313253012
"TYS_212","sound",14,"prop_a",0.123456790123457
"TYS_212","sound",15,"prop_a",0.117647058823529
"TYS_212","sound",16,"prop_a",0.103896103896104
"TYS_212","sound",17,"prop_a",0.0760869565217391
"TYS_212","sound",18,"prop_a",0.0933333333333333
"TYS_212","sound",19,"prop_a",0.0909090909090909
"TYS_212","sound",20,"prop_a",0.117647058823529
"TYS_104","label",0,"prop_b",0
"TYS_104","label",1,"prop_b",0
"TYS_104","label",2,"prop_b",0
"TYS_104","label",3,"prop_b",0
"TYS_104","label",4,"prop_b",0.0289855072463768
"TYS_104","label",5,"prop_b",0.0526315789473684
"TYS_104","label",6,"prop_b",0.105882352941176
"TYS_104","label",7,"prop_b",0.141025641025641
"TYS_104","label",8,"prop_b",0.160493827160494
"TYS_104","label",9,"prop_b",0.142857142857143
"TYS_104","label",10,"prop_b",0.120481927710843
"TYS_104","label",11,"prop_b",0.0595238095238095
"TYS_104","label",12,"prop_b",0.0659340659340659
"TYS_104","label",13,"prop_b",0.136363636363636
"TYS_104","label",14,"prop_b",0.126436781609195
"TYS_104","label",15,"prop_b",0.132530120481928
"TYS_104","label",16,"prop_b",0.151162790697674
"TYS_104","label",17,"prop_b",0.160919540229885
"TYS_104","label",18,"prop_b",0.173333333333333
"TYS_104","label",19,"prop_b",0.0892857142857143
"TYS_104","label",20,"prop_b",0.0625
"TYS_104","sound",0,"prop_b",0
"TYS_104","sound",1,"prop_b",0
"TYS_104","sound",2,"prop_b",0
"TYS_104","sound",3,"prop_b",0
"TYS_104","sound",4,"prop_b",0.0285714285714286
"TYS_104","sound",5,"prop_b",0.0136986301369863
"TYS_104","sound",6,"prop_b",0.0574712643678161
"TYS_104","sound",7,"prop_b",0.1
"TYS_104","sound",8,"prop_b",0.116279069767442
"TYS_104","sound",9,"prop_b",0.111111111111111
"TYS_104","sound",10,"prop_b",0.111111111111111
"TYS_104","sound",11,"prop_b",0.116279069767442
"TYS_104","sound",12,"prop_b",0.122222222222222
"TYS_104","sound",13,"prop_b",0.166666666666667
"TYS_104","sound",14,"prop_b",0.166666666666667
"TYS_104","sound",15,"prop_b",0.195402298850575
"TYS_104","sound",16,"prop_b",0.159090909090909
"TYS_104","sound",17,"prop_b",0.168539325842697
"TYS_104","sound",18,"prop_b",0.114942528735632
"TYS_104","sound",19,"prop_b",0.101694915254237
"TYS_104","sound",20,"prop_b",0.0740740740740741
"TYS_120","label",0,"prop_b",0
"TYS_120","label",1,"prop_b",0
"TYS_120","label",2,"prop_b",0
"TYS_120","label",3,"prop_b",0.109090909090909
"TYS_120","label",4,"prop_b",0.178082191780822
"TYS_120","label",5,"prop_b",0.197802197802198
"TYS_120","label",6,"prop_b",0.19
"TYS_120","label",7,"prop_b",0.204545454545455
"TYS_120","label",8,"prop_b",0.211764705882353
"TYS_120","label",9,"prop_b",0.247191011235955
"TYS_120","label",10,"prop_b",0.242105263157895
"TYS_120","label",11,"prop_b",0.197916666666667
"TYS_120","label",12,"prop_b",0.21875
"TYS_120","label",13,"prop_b",0.172043010752688
"TYS_120","label",14,"prop_b",0.127659574468085
"TYS_120","label",15,"prop_b",0.122222222222222
"TYS_120","label",16,"prop_b",0.115789473684211
"TYS_120","label",17,"prop_b",0.123595505617978
"TYS_120","label",18,"prop_b",0.152777777777778
"TYS_120","label",19,"prop_b",0.16
"TYS_120","label",20,"prop_b",0.142857142857143
"TYS_120","sound",0,"prop_b",0
"TYS_120","sound",1,"prop_b",0
"TYS_120","sound",2,"prop_b",0
"TYS_120","sound",3,"prop_b",0.153846153846154
"TYS_120","sound",4,"prop_b",0.263888888888889
"TYS_120","sound",5,"prop_b",0.285714285714286
"TYS_120","sound",6,"prop_b",0.294117647058824
"TYS_120","sound",7,"prop_b",0.234567901234568
"TYS_120","sound",8,"prop_b",0.294736842105263
"TYS_120","sound",9,"prop_b",0.296703296703297
"TYS_120","sound",10,"prop_b",0.316831683168317
"TYS_120","sound",11,"prop_b",0.311111111111111
"TYS_120","sound",12,"prop_b",0.28125
"TYS_120","sound",13,"prop_b",0.252631578947368
"TYS_120","sound",14,"prop_b",0.25
"TYS_120","sound",15,"prop_b",0.232558139534884
"TYS_120","sound",16,"prop_b",0.241379310344828
"TYS_120","sound",17,"prop_b",0.234567901234568
"TYS_120","sound",18,"prop_b",0.148648648648649
"TYS_120","sound",19,"prop_b",0.109090909090909
"TYS_120","sound",20,"prop_b",0.0434782608695652
"TYS_122","label",0,"prop_b",0
"TYS_122","label",1,"prop_b",0
"TYS_122","label",2,"prop_b",0
"TYS_122","label",3,"prop_b",0.0869565217391304
"TYS_122","label",4,"prop_b",0.204301075268817
"TYS_122","label",5,"prop_b",0.260869565217391
"TYS_122","label",6,"prop_b",0.25
"TYS_122","label",7,"prop_b",0.21505376344086
"TYS_122","label",8,"prop_b",0.222222222222222
"TYS_122","label",9,"prop_b",0.202247191011236
"TYS_122","label",10,"prop_b",0.177777777777778
"TYS_122","label",11,"prop_b",0.202020202020202
"TYS_122","label",12,"prop_b",0.239583333333333
"TYS_122","label",13,"prop_b",0.231578947368421
"TYS_122","label",14,"prop_b",0.216494845360825
"TYS_122","label",15,"prop_b",0.206521739130435
"TYS_122","label",16,"prop_b",0.211538461538462
"TYS_122","label",17,"prop_b",0.228260869565217
"TYS_122","label",18,"prop_b",0.229885057471264
"TYS_122","label",19,"prop_b",0.203125
"TYS_122","label",20,"prop_b",0.15625
"TYS_122","sound",0,"prop_b",0
"TYS_122","sound",1,"prop_b",0
"TYS_122","sound",2,"prop_b",0.0434782608695652
"TYS_122","sound",3,"prop_b",0.0684931506849315
"TYS_122","sound",4,"prop_b",0.127450980392157
"TYS_122","sound",5,"prop_b",0.119565217391304
"TYS_122","sound",6,"prop_b",0.18
"TYS_122","sound",7,"prop_b",0.148936170212766
"TYS_122","sound",8,"prop_b",0.193877551020408
"TYS_122","sound",9,"prop_b",0.195876288659794
"TYS_122","sound",10,"prop_b",0.186274509803922
"TYS_122","sound",11,"prop_b",0.198019801980198
"TYS_122","sound",12,"prop_b",0.195876288659794
"TYS_122","sound",13,"prop_b",0.178217821782178
"TYS_122","sound",14,"prop_b",0.206521739130435
"TYS_122","sound",15,"prop_b",0.229166666666667
"TYS_122","sound",16,"prop_b",0.191489361702128
"TYS_122","sound",17,"prop_b",0.141304347826087
"TYS_122","sound",18,"prop_b",0.174418604651163
"TYS_122","sound",19,"prop_b",0.176470588235294
"TYS_122","sound",20,"prop_b",0.19047619047619
"TYS_125","label",0,"prop_b",0
"TYS_125","label",1,"prop_b",0
"TYS_125","label",2,"prop_b",0
"TYS_125","label",3,"prop_b",0.0238095238095238
"TYS_125","label",4,"prop_b",0.122448979591837
"TYS_125","label",5,"prop_b",0.113207547169811
"TYS_125","label",6,"prop_b",0.151515151515152
"TYS_125","label",7,"prop_b",0.147540983606557
"TYS_125","label",8,"prop_b",0.121212121212121
"TYS_125","label",9,"prop_b",0.0857142857142857
"TYS_125","label",10,"prop_b",0.0769230769230769
"TYS_125","label",11,"prop_b",0.0869565217391304
"TYS_125","label",12,"prop_b",0.0769230769230769
"TYS_125","label",13,"prop_b",0.0684931506849315
"TYS_125","label",14,"prop_b",0.0714285714285714
"TYS_125","label",15,"prop_b",0.10958904109589
"TYS_125","label",16,"prop_b",0.0819672131147541
"TYS_125","label",17,"prop_b",0.106060606060606
"TYS_125","label",18,"prop_b",0.111111111111111
"TYS_125","label",19,"prop_b",0.0930232558139535
"TYS_125","label",20,"prop_b",0.105263157894737
"TYS_125","sound",0,"prop_b",0
"TYS_125","sound",1,"prop_b",0
"TYS_125","sound",2,"prop_b",0
"TYS_125","sound",3,"prop_b",0.0833333333333333
"TYS_125","sound",4,"prop_b",0.0961538461538462
"TYS_125","sound",5,"prop_b",0.08
"TYS_125","sound",6,"prop_b",0.129032258064516
"TYS_125","sound",7,"prop_b",0.131147540983607
"TYS_125","sound",8,"prop_b",0.149253731343284
"TYS_125","sound",9,"prop_b",0.134328358208955
"TYS_125","sound",10,"prop_b",0.115942028985507
"TYS_125","sound",11,"prop_b",0.0857142857142857
"TYS_125","sound",12,"prop_b",0.12
"TYS_125","sound",13,"prop_b",0.147058823529412
"TYS_125","sound",14,"prop_b",0.0958904109589041
"TYS_125","sound",15,"prop_b",0.102941176470588
"TYS_125","sound",16,"prop_b",0.0694444444444444
"TYS_125","sound",17,"prop_b",0.0757575757575758
"TYS_125","sound",18,"prop_b",0.0923076923076923
"TYS_125","sound",19,"prop_b",0.0731707317073171
"TYS_125","sound",20,"prop_b",0.08
"TYS_202","label",0,"prop_b",0
"TYS_202","label",1,"prop_b",0
"TYS_202","label",2,"prop_b",0.0338983050847458
"TYS_202","label",3,"prop_b",0.163636363636364
"TYS_202","label",4,"prop_b",0.142857142857143
"TYS_202","label",5,"prop_b",0.156626506024096
"TYS_202","label",6,"prop_b",0.204819277108434
"TYS_202","label",7,"prop_b",0.192307692307692
"TYS_202","label",8,"prop_b",0.178082191780822
"TYS_202","label",9,"prop_b",0.159420289855072
"TYS_202","label",10,"prop_b",0.119047619047619
"TYS_202","label",11,"prop_b",0.166666666666667
"TYS_202","label",12,"prop_b",0.128205128205128
"TYS_202","label",13,"prop_b",0.146341463414634
"TYS_202","label",14,"prop_b",0.102564102564103
"TYS_202","label",15,"prop_b",0.109756097560976
"TYS_202","label",16,"prop_b",0.123456790123457
"TYS_202","label",17,"prop_b",0.150684931506849
"TYS_202","label",18,"prop_b",0.144927536231884
"TYS_202","label",19,"prop_b",0.157894736842105
"TYS_202","label",20,"prop_b",0.2
"TYS_202","sound",0,"prop_b",0
"TYS_202","sound",1,"prop_b",0
"TYS_202","sound",2,"prop_b",0.0285714285714286
"TYS_202","sound",3,"prop_b",0.127272727272727
"TYS_202","sound",4,"prop_b",0.166666666666667
"TYS_202","sound",5,"prop_b",0.186046511627907
"TYS_202","sound",6,"prop_b",0.142857142857143
"TYS_202","sound",7,"prop_b",0.209876543209877
"TYS_202","sound",8,"prop_b",0.222222222222222
"TYS_202","sound",9,"prop_b",0.185185185185185
"TYS_202","sound",10,"prop_b",0.224719101123595
"TYS_202","sound",11,"prop_b",0.220779220779221
"TYS_202","sound",12,"prop_b",0.213483146067416
"TYS_202","sound",13,"prop_b",0.202380952380952
"TYS_202","sound",14,"prop_b",0.180851063829787
"TYS_202","sound",15,"prop_b",0.126436781609195
"TYS_202","sound",16,"prop_b",0.112359550561798
"TYS_202","sound",17,"prop_b",0.136363636363636
"TYS_202","sound",18,"prop_b",0.155844155844156
"TYS_202","sound",19,"prop_b",0.140625
"TYS_202","sound",20,"prop_b",0.0851063829787234
"TYS_203","label",0,"prop_b",0
"TYS_203","label",1,"prop_b",0
"TYS_203","label",2,"prop_b",0
"TYS_203","label",3,"prop_b",0.0847457627118644
"TYS_203","label",4,"prop_b",0.0857142857142857
"TYS_203","label",5,"prop_b",0.0736842105263158
"TYS_203","label",6,"prop_b",0.0740740740740741
"TYS_203","label",7,"prop_b",0.0786516853932584
"TYS_203","label",8,"prop_b",0.131868131868132
"TYS_203","label",9,"prop_b",0.104651162790698
"TYS_203","label",10,"prop_b",0.146067415730337
"TYS_203","label",11,"prop_b",0.134831460674157
"TYS_203","label",12,"prop_b",0.141304347826087
"TYS_203","label",13,"prop_b",0.0927835051546392
"TYS_203","label",14,"prop_b",0.122222222222222
"TYS_203","label",15,"prop_b",0.127906976744186
"TYS_203","label",16,"prop_b",0.120879120879121
"TYS_203","label",17,"prop_b",0.119047619047619
"TYS_203","label",18,"prop_b",0.1375
"TYS_203","label",19,"prop_b",0.12
"TYS_203","label",20,"prop_b",0.115384615384615
"TYS_203","sound",0,"prop_b",0
"TYS_203","sound",1,"prop_b",0
"TYS_203","sound",2,"prop_b",0
"TYS_203","sound",3,"prop_b",0.0344827586206897
"TYS_203","sound",4,"prop_b",0.0384615384615385
"TYS_203","sound",5,"prop_b",0.0375
"TYS_203","sound",6,"prop_b",0.111111111111111
"TYS_203","sound",7,"prop_b",0.12987012987013
"TYS_203","sound",8,"prop_b",0.208791208791209
"TYS_203","sound",9,"prop_b",0.202247191011236
"TYS_203","sound",10,"prop_b",0.182795698924731
"TYS_203","sound",11,"prop_b",0.153846153846154
"TYS_203","sound",12,"prop_b",0.120879120879121
"TYS_203","sound",13,"prop_b",0.128712871287129
"TYS_203","sound",14,"prop_b",0.166666666666667
"TYS_203","sound",15,"prop_b",0.170212765957447
"TYS_203","sound",16,"prop_b",0.193181818181818
"TYS_203","sound",17,"prop_b",0.141304347826087
"TYS_203","sound",18,"prop_b",0.108108108108108
"TYS_203","sound",19,"prop_b",0.0816326530612245
"TYS_203","sound",20,"prop_b",0
"TYS_204","label",0,"prop_b",0
"TYS_204","label",1,"prop_b",0
"TYS_204","label",2,"prop_b",0.0555555555555556
"TYS_204","label",3,"prop_b",0.2
"TYS_204","label",4,"prop_b",0.210526315789474
"TYS_204","label",5,"prop_b",0.260869565217391
"TYS_204","label",6,"prop_b",0.260869565217391
"TYS_204","label",7,"prop_b",0.130434782608696
"TYS_204","label",8,"prop_b",0.0952380952380952
"TYS_204","label",9,"prop_b",0
"TYS_204","label",10,"prop_b",0
"TYS_204","label",11,"prop_b",0
"TYS_204","label",12,"prop_b",0
"TYS_204","label",13,"prop_b",0
"TYS_204","label",14,"prop_b",0
"TYS_204","label",15,"prop_b",0.0588235294117647
"TYS_204","label",16,"prop_b",0.0714285714285714
"TYS_204","label",17,"prop_b",0.142857142857143
"TYS_204","label",18,"prop_b",0.266666666666667
"TYS_204","label",19,"prop_b",0.416666666666667
"TYS_204","label",20,"prop_b",0.285714285714286
"TYS_204","sound",0,"prop_b",0
"TYS_204","sound",1,"prop_b",0
"TYS_204","sound",2,"prop_b",0
"TYS_204","sound",3,"prop_b",0.153846153846154
"TYS_204","sound",4,"prop_b",0.176470588235294
"TYS_204","sound",5,"prop_b",0.142857142857143
"TYS_204","sound",6,"prop_b",0.125
"TYS_204","sound",7,"prop_b",0.0952380952380952
"TYS_204","sound",8,"prop_b",0.166666666666667
"TYS_204","sound",9,"prop_b",0.111111111111111
"TYS_204","sound",10,"prop_b",0.08
"TYS_204","sound",11,"prop_b",0.05
"TYS_204","sound",12,"prop_b",0.142857142857143
"TYS_204","sound",13,"prop_b",0.111111111111111
"TYS_204","sound",14,"prop_b",0.142857142857143
"TYS_204","sound",15,"prop_b",0.1
"TYS_204","sound",16,"prop_b",0.0555555555555556
"TYS_204","sound",17,"prop_b",0.0588235294117647
"TYS_204","sound",18,"prop_b",0.0588235294117647
"TYS_204","sound",19,"prop_b",0.111111111111111
"TYS_204","sound",20,"prop_b",0.166666666666667
"TYS_205","label",0,"prop_b",0
"TYS_205","label",1,"prop_b",0
"TYS_205","label",2,"prop_b",0
"TYS_205","label",3,"prop_b",0.0123456790123457
"TYS_205","label",4,"prop_b",0.02
"TYS_205","label",5,"prop_b",0.0404040404040404
"TYS_205","label",6,"prop_b",0.142857142857143
"TYS_205","label",7,"prop_b",0.193548387096774
"TYS_205","label",8,"prop_b",0.152173913043478
"TYS_205","label",9,"prop_b",0.127659574468085
"TYS_205","label",10,"prop_b",0.135922330097087
"TYS_205","label",11,"prop_b",0.127450980392157
"TYS_205","label",12,"prop_b",0.12621359223301
"TYS_205","label",13,"prop_b",0.125
"TYS_205","label",14,"prop_b",0.131313131313131
"TYS_205","label",15,"prop_b",0.12
"TYS_205","label",16,"prop_b",0.161290322580645
"TYS_205","label",17,"prop_b",0.193181818181818
"TYS_205","label",18,"prop_b",0.166666666666667
"TYS_205","label",19,"prop_b",0.0945945945945946
"TYS_205","label",20,"prop_b",0.0952380952380952
"TYS_205","sound",0,"prop_b",0
"TYS_205","sound",1,"prop_b",0
"TYS_205","sound",2,"prop_b",0
"TYS_205","sound",3,"prop_b",0.0142857142857143
"TYS_205","sound",4,"prop_b",0.06
"TYS_205","sound",5,"prop_b",0.106382978723404
"TYS_205","sound",6,"prop_b",0.11340206185567
"TYS_205","sound",7,"prop_b",0.087378640776699
"TYS_205","sound",8,"prop_b",0.0606060606060606
"TYS_205","sound",9,"prop_b",0.127450980392157
"TYS_205","sound",10,"prop_b",0.186274509803922
"TYS_205","sound",11,"prop_b",0.155963302752294
"TYS_205","sound",12,"prop_b",0.134615384615385
"TYS_205","sound",13,"prop_b",0.0970873786407767
"TYS_205","sound",14,"prop_b",0.0721649484536082
"TYS_205","sound",15,"prop_b",0.0396039603960396
"TYS_205","sound",16,"prop_b",0.0967741935483871
"TYS_205","sound",17,"prop_b",0.123595505617978
"TYS_205","sound",18,"prop_b",0.139240506329114
"TYS_205","sound",19,"prop_b",0.203125
"TYS_205","sound",20,"prop_b",0.257142857142857
"TYS_206","label",0,"prop_b",0
"TYS_206","label",1,"prop_b",0
"TYS_206","label",2,"prop_b",0
"TYS_206","label",3,"prop_b",0
"TYS_206","label",4,"prop_b",0.0357142857142857
"TYS_206","label",5,"prop_b",0.0410958904109589
"TYS_206","label",6,"prop_b",0.0853658536585366
"TYS_206","label",7,"prop_b",0.0789473684210526
"TYS_206","label",8,"prop_b",0.142857142857143
"TYS_206","label",9,"prop_b",0.135135135135135
"TYS_206","label",10,"prop_b",0.148648648648649
"TYS_206","label",11,"prop_b",0.154929577464789
"TYS_206","label",12,"prop_b",0.12
"TYS_206","label",13,"prop_b",0.123287671232877
"TYS_206","label",14,"prop_b",0.159420289855072
"TYS_206","label",15,"prop_b",0.0972222222222222
"TYS_206","label",16,"prop_b",0.0416666666666667
"TYS_206","label",17,"prop_b",0.0588235294117647
"TYS_206","label",18,"prop_b",0.107142857142857
"TYS_206","label",19,"prop_b",0.128205128205128
"TYS_206","label",20,"prop_b",0.125
"TYS_206","sound",0,"prop_b",0
"TYS_206","sound",1,"prop_b",0
"TYS_206","sound",2,"prop_b",0
"TYS_206","sound",3,"prop_b",0.0217391304347826
"TYS_206","sound",4,"prop_b",0.0754716981132075
"TYS_206","sound",5,"prop_b",0.0757575757575758
"TYS_206","sound",6,"prop_b",0.0634920634920635
"TYS_206","sound",7,"prop_b",0.0571428571428571
"TYS_206","sound",8,"prop_b",0.0317460317460317
"TYS_206","sound",9,"prop_b",0.0416666666666667
"TYS_206","sound",10,"prop_b",0.0454545454545455
"TYS_206","sound",11,"prop_b",0.09375
"TYS_206","sound",12,"prop_b",0.123076923076923
"TYS_206","sound",13,"prop_b",0.132352941176471
"TYS_206","sound",14,"prop_b",0.149253731343284
"TYS_206","sound",15,"prop_b",0.136363636363636
"TYS_206","sound",16,"prop_b",0.169230769230769
"TYS_206","sound",17,"prop_b",0.155172413793103
"TYS_206","sound",18,"prop_b",0.14
"TYS_206","sound",19,"prop_b",0.142857142857143
"TYS_206","sound",20,"prop_b",0.235294117647059
"TYS_207","label",0,"prop_b",0
"TYS_207","label",1,"prop_b",0
"TYS_207","label",2,"prop_b",0
"TYS_207","label",3,"prop_b",0
"TYS_207","label",4,"prop_b",0.0136986301369863
"TYS_207","label",5,"prop_b",0.0277777777777778
"TYS_207","label",6,"prop_b",0.05
"TYS_207","label",7,"prop_b",0.0588235294117647
"TYS_207","label",8,"prop_b",0.0909090909090909
"TYS_207","label",9,"prop_b",0.117647058823529
"TYS_207","label",10,"prop_b",0.160919540229885
"TYS_207","label",11,"prop_b",0.13953488372093
"TYS_207","label",12,"prop_b",0.154761904761905
"TYS_207","label",13,"prop_b",0.1875
"TYS_207","label",14,"prop_b",0.177215189873418
"TYS_207","label",15,"prop_b",0.217948717948718
"TYS_207","label",16,"prop_b",0.205128205128205
"TYS_207","label",17,"prop_b",0.28169014084507
"TYS_207","label",18,"prop_b",0.212121212121212
"TYS_207","label",19,"prop_b",0.214285714285714
"TYS_207","label",20,"prop_b",0.142857142857143
"TYS_207","sound",0,"prop_b",0
"TYS_207","sound",1,"prop_b",0
"TYS_207","sound",2,"prop_b",0
"TYS_207","sound",3,"prop_b",0
"TYS_207","sound",4,"prop_b",0.0133333333333333
"TYS_207","sound",5,"prop_b",0.038961038961039
"TYS_207","sound",6,"prop_b",0.0481927710843374
"TYS_207","sound",7,"prop_b",0.0975609756097561
"TYS_207","sound",8,"prop_b",0.0930232558139535
"TYS_207","sound",9,"prop_b",0.159574468085106
"TYS_207","sound",10,"prop_b",0.2
"TYS_207","sound",11,"prop_b",0.197916666666667
"TYS_207","sound",12,"prop_b",0.211111111111111
"TYS_207","sound",13,"prop_b",0.2
"TYS_207","sound",14,"prop_b",0.142857142857143
"TYS_207","sound",15,"prop_b",0.158536585365854
"TYS_207","sound",16,"prop_b",0.267441860465116
"TYS_207","sound",17,"prop_b",0.192307692307692
"TYS_207","sound",18,"prop_b",0.28169014084507
"TYS_207","sound",19,"prop_b",0.276595744680851
"TYS_207","sound",20,"prop_b",0.333333333333333
"TYS_209","label",0,"prop_b",0
"TYS_209","label",1,"prop_b",0
"TYS_209","label",2,"prop_b",0
"TYS_209","label",3,"prop_b",0.0597014925373134
"TYS_209","label",4,"prop_b",0.0810810810810811
"TYS_209","label",5,"prop_b",0.125
"TYS_209","label",6,"prop_b",0.141304347826087
"TYS_209","label",7,"prop_b",0.150537634408602
"TYS_209","label",8,"prop_b",0.122222222222222
"TYS_209","label",9,"prop_b",0.102272727272727
"TYS_209","label",10,"prop_b",0.0816326530612245
"TYS_209","label",11,"prop_b",0.0760869565217391
"TYS_209","label",12,"prop_b",0.0919540229885057
"TYS_209","label",13,"prop_b",0.145833333333333
"TYS_209","label",14,"prop_b",0.152173913043478
"TYS_209","label",15,"prop_b",0.141304347826087
"TYS_209","label",16,"prop_b",0.123456790123457
"TYS_209","label",17,"prop_b",0.0625
"TYS_209","label",18,"prop_b",0.0684931506849315
"TYS_209","label",19,"prop_b",0.0434782608695652
"TYS_209","label",20,"prop_b",0.0454545454545455
"TYS_209","sound",0,"prop_b",0
"TYS_209","sound",1,"prop_b",0
"TYS_209","sound",2,"prop_b",0
"TYS_209","sound",3,"prop_b",0.0555555555555556
"TYS_209","sound",4,"prop_b",0.0666666666666667
"TYS_209","sound",5,"prop_b",0.0909090909090909
"TYS_209","sound",6,"prop_b",0.122222222222222
"TYS_209","sound",7,"prop_b",0.147727272727273
"TYS_209","sound",8,"prop_b",0.152941176470588
"TYS_209","sound",9,"prop_b",0.147727272727273
"TYS_209","sound",10,"prop_b",0.123595505617978
"TYS_209","sound",11,"prop_b",0.118279569892473
"TYS_209","sound",12,"prop_b",0.0729166666666667
"TYS_209","sound",13,"prop_b",0.0602409638554217
"TYS_209","sound",14,"prop_b",0.0752688172043011
"TYS_209","sound",15,"prop_b",0.0898876404494382
"TYS_209","sound",16,"prop_b",0.135802469135802
"TYS_209","sound",17,"prop_b",0.162790697674419
"TYS_209","sound",18,"prop_b",0.212121212121212
"TYS_209","sound",19,"prop_b",0.232558139534884
"TYS_209","sound",20,"prop_b",0.238095238095238
"TYS_210","label",0,"prop_b",0
"TYS_210","label",1,"prop_b",0
"TYS_210","label",2,"prop_b",0
"TYS_210","label",3,"prop_b",0
"TYS_210","label",4,"prop_b",0
"TYS_210","label",5,"prop_b",0
"TYS_210","label",6,"prop_b",0.0142857142857143
"TYS_210","label",7,"prop_b",0.0434782608695652
"TYS_210","label",8,"prop_b",0.0555555555555556
"TYS_210","label",9,"prop_b",0.0921052631578947
"TYS_210","label",10,"prop_b",0.0694444444444444
"TYS_210","label",11,"prop_b",0.0897435897435897
"TYS_210","label",12,"prop_b",0.0422535211267606
"TYS_210","label",13,"prop_b",0.0649350649350649
"TYS_210","label",14,"prop_b",0.0779220779220779
"TYS_210","label",15,"prop_b",0.133333333333333
"TYS_210","label",16,"prop_b",0.132352941176471
"TYS_210","label",17,"prop_b",0.0952380952380952
"TYS_210","label",18,"prop_b",0.111111111111111
"TYS_210","label",19,"prop_b",0.162790697674419
"TYS_210","label",20,"prop_b",0.208333333333333
"TYS_210","sound",0,"prop_b",0
"TYS_210","sound",1,"prop_b",0
"TYS_210","sound",2,"prop_b",0
"TYS_210","sound",3,"prop_b",0
"TYS_210","sound",4,"prop_b",0
"TYS_210","sound",5,"prop_b",0
"TYS_210","sound",6,"prop_b",0.024390243902439
"TYS_210","sound",7,"prop_b",0.04
"TYS_210","sound",8,"prop_b",0.0540540540540541
"TYS_210","sound",9,"prop_b",0.0657894736842105
"TYS_210","sound",10,"prop_b",0.0641025641025641
"TYS_210","sound",11,"prop_b",0.075
"TYS_210","sound",12,"prop_b",0.0714285714285714
"TYS_210","sound",13,"prop_b",0.0909090909090909
"TYS_210","sound",14,"prop_b",0.139240506329114
"TYS_210","sound",15,"prop_b",0.151898734177215
"TYS_210","sound",16,"prop_b",0.155844155844156
"TYS_210","sound",17,"prop_b",0.171428571428571
"TYS_210","sound",18,"prop_b",0.140350877192982
"TYS_210","sound",19,"prop_b",0.0857142857142857
"TYS_210","sound",20,"prop_b",0.136363636363636
"TYS_212","label",0,"prop_b",0
"TYS_212","label",1,"prop_b",0
"TYS_212","label",2,"prop_b",0
"TYS_212","label",3,"prop_b",0.0222222222222222
"TYS_212","label",4,"prop_b",0.0615384615384615
"TYS_212","label",5,"prop_b",0.0958904109589041
"TYS_212","label",6,"prop_b",0.123456790123457
"TYS_212","label",7,"prop_b",0.192771084337349
"TYS_212","label",8,"prop_b",0.194805194805195
"TYS_212","label",9,"prop_b",0.25
"TYS_212","label",10,"prop_b",0.204819277108434
"TYS_212","label",11,"prop_b",0.104651162790698
"TYS_212","label",12,"prop_b",0.0804597701149425
"TYS_212","label",13,"prop_b",0.129411764705882
"TYS_212","label",14,"prop_b",0.182795698924731
"TYS_212","label",15,"prop_b",0.232558139534884
"TYS_212","label",16,"prop_b",0.155555555555556
"TYS_212","label",17,"prop_b",0.137931034482759
"TYS_212","label",18,"prop_b",0.0843373493975904
"TYS_212","label",19,"prop_b",0.0740740740740741
"TYS_212","label",20,"prop_b",0.0434782608695652
"TYS_212","sound",0,"prop_b",0
"TYS_212","sound",1,"prop_b",0
"TYS_212","sound",2,"prop_b",0
"TYS_212","sound",3,"prop_b",0.0652173913043478
"TYS_212","sound",4,"prop_b",0.135593220338983
"TYS_212","sound",5,"prop_b",0.139240506329114
"TYS_212","sound",6,"prop_b",0.114942528735632
"TYS_212","sound",7,"prop_b",0.120481927710843
"TYS_212","sound",8,"prop_b",0.112676056338028
"TYS_212","sound",9,"prop_b",0.186666666666667
"TYS_212","sound",10,"prop_b",0.189873417721519
"TYS_212","sound",11,"prop_b",0.202380952380952
"TYS_212","sound",12,"prop_b",0.152941176470588
"TYS_212","sound",13,"prop_b",0.108433734939759
"TYS_212","sound",14,"prop_b",0.0987654320987654
"TYS_212","sound",15,"prop_b",0.0705882352941176
"TYS_212","sound",16,"prop_b",0.116883116883117
"TYS_212","sound",17,"prop_b",0.141304347826087
"TYS_212","sound",18,"prop_b",0.133333333333333
"TYS_212","sound",19,"prop_b",0.127272727272727
"TYS_212","sound",20,"prop_b",0.117647058823529
"TYS_104","label",0,"prop_c",0
"TYS_104","label",1,"prop_c",0
"TYS_104","label",2,"prop_c",0
"TYS_104","label",3,"prop_c",0.037037037037037
"TYS_104","label",4,"prop_c",0.0144927536231884
"TYS_104","label",5,"prop_c",0
"TYS_104","label",6,"prop_c",0.0352941176470588
"TYS_104","label",7,"prop_c",0.0897435897435897
"TYS_104","label",8,"prop_c",0.135802469135802
"TYS_104","label",9,"prop_c",0.119047619047619
"TYS_104","label",10,"prop_c",0.168674698795181
"TYS_104","label",11,"prop_c",0.142857142857143
"TYS_104","label",12,"prop_c",0.175824175824176
"TYS_104","label",13,"prop_c",0.147727272727273
"TYS_104","label",14,"prop_c",0.126436781609195
"TYS_104","label",15,"prop_c",0.120481927710843
"TYS_104","label",16,"prop_c",0.127906976744186
"TYS_104","label",17,"prop_c",0.137931034482759
"TYS_104","label",18,"prop_c",0.146666666666667
"TYS_104","label",19,"prop_c",0.160714285714286
"TYS_104","label",20,"prop_c",0.125
"TYS_104","sound",0,"prop_c",0
"TYS_104","sound",1,"prop_c",0
"TYS_104","sound",2,"prop_c",0
"TYS_104","sound",3,"prop_c",0.1
"TYS_104","sound",4,"prop_c",0.0714285714285714
"TYS_104","sound",5,"prop_c",0.0410958904109589
"TYS_104","sound",6,"prop_c",0.0574712643678161
"TYS_104","sound",7,"prop_c",0.05
"TYS_104","sound",8,"prop_c",0.0930232558139535
"TYS_104","sound",9,"prop_c",0.123456790123457
"TYS_104","sound",10,"prop_c",0.111111111111111
"TYS_104","sound",11,"prop_c",0.0930232558139535
"TYS_104","sound",12,"prop_c",0.122222222222222
"TYS_104","sound",13,"prop_c",0.130952380952381
"TYS_104","sound",14,"prop_c",0.166666666666667
"TYS_104","sound",15,"prop_c",0.149425287356322
"TYS_104","sound",16,"prop_c",0.159090909090909
"TYS_104","sound",17,"prop_c",0.168539325842697
"TYS_104","sound",18,"prop_c",0.160919540229885
"TYS_104","sound",19,"prop_c",0.186440677966102
"TYS_104","sound",20,"prop_c",0.185185185185185
"TYS_120","label",0,"prop_c",0
"TYS_120","label",1,"prop_c",0
"TYS_120","label",2,"prop_c",0
"TYS_120","label",3,"prop_c",0.145454545454545
"TYS_120","label",4,"prop_c",0.232876712328767
"TYS_120","label",5,"prop_c",0.230769230769231
"TYS_120","label",6,"prop_c",0.25
"TYS_120","label",7,"prop_c",0.238636363636364
"TYS_120","label",8,"prop_c",0.2
"TYS_120","label",9,"prop_c",0.179775280898876
"TYS_120","label",10,"prop_c",0.157894736842105
"TYS_120","label",11,"prop_c",0.208333333333333
"TYS_120","label",12,"prop_c",0.208333333333333
"TYS_120","label",13,"prop_c",0.247311827956989
"TYS_120","label",14,"prop_c",0.180851063829787
"TYS_120","label",15,"prop_c",0.266666666666667
"TYS_120","label",16,"prop_c",0.210526315789474
"TYS_120","label",17,"prop_c",0.224719101123595
"TYS_120","label",18,"prop_c",0.25
"TYS_120","label",19,"prop_c",0.22
"TYS_120","label",20,"prop_c",0.19047619047619
"TYS_120","sound",0,"prop_c",0
"TYS_120","sound",1,"prop_c",0
"TYS_120","sound",2,"prop_c",0
"TYS_120","sound",3,"prop_c",0.102564102564103
"TYS_120","sound",4,"prop_c",0.236111111111111
"TYS_120","sound",5,"prop_c",0.246753246753247
"TYS_120","sound",6,"prop_c",0.205882352941176
"TYS_120","sound",7,"prop_c",0.148148148148148
"TYS_120","sound",8,"prop_c",0.105263157894737
"TYS_120","sound",9,"prop_c",0.0879120879120879
"TYS_120","sound",10,"prop_c",0.118811881188119
"TYS_120","sound",11,"prop_c",0.133333333333333
"TYS_120","sound",12,"prop_c",0.145833333333333
"TYS_120","sound",13,"prop_c",0.136842105263158
"TYS_120","sound",14,"prop_c",0.152173913043478
"TYS_120","sound",15,"prop_c",0.104651162790698
"TYS_120","sound",16,"prop_c",0.126436781609195
"TYS_120","sound",17,"prop_c",0.0987654320987654
"TYS_120","sound",18,"prop_c",0.0945945945945946
"TYS_120","sound",19,"prop_c",0.109090909090909
"TYS_120","sound",20,"prop_c",0
"TYS_122","label",0,"prop_c",0
"TYS_122","label",1,"prop_c",0
"TYS_122","label",2,"prop_c",0
"TYS_122","label",3,"prop_c",0.144927536231884
"TYS_122","label",4,"prop_c",0.172043010752688
"TYS_122","label",5,"prop_c",0.184782608695652
"TYS_122","label",6,"prop_c",0.217391304347826
"TYS_122","label",7,"prop_c",0.236559139784946
"TYS_122","label",8,"prop_c",0.222222222222222
"TYS_122","label",9,"prop_c",0.213483146067416
"TYS_122","label",10,"prop_c",0.233333333333333
"TYS_122","label",11,"prop_c",0.232323232323232
"TYS_122","label",12,"prop_c",0.270833333333333
"TYS_122","label",13,"prop_c",0.231578947368421
"TYS_122","label",14,"prop_c",0.206185567010309
"TYS_122","label",15,"prop_c",0.173913043478261
"TYS_122","label",16,"prop_c",0.163461538461538
"TYS_122","label",17,"prop_c",0.152173913043478
"TYS_122","label",18,"prop_c",0.172413793103448
"TYS_122","label",19,"prop_c",0.171875
"TYS_122","label",20,"prop_c",0.15625
"TYS_122","sound",0,"prop_c",0
"TYS_122","sound",1,"prop_c",0
"TYS_122","sound",2,"prop_c",0.0144927536231884
"TYS_122","sound",3,"prop_c",0.10958904109589
"TYS_122","sound",4,"prop_c",0.156862745098039
"TYS_122","sound",5,"prop_c",0.228260869565217
"TYS_122","sound",6,"prop_c",0.22
"TYS_122","sound",7,"prop_c",0.191489361702128
"TYS_122","sound",8,"prop_c",0.193877551020408
"TYS_122","sound",9,"prop_c",0.164948453608247
"TYS_122","sound",10,"prop_c",0.196078431372549
"TYS_122","sound",11,"prop_c",0.188118811881188
"TYS_122","sound",12,"prop_c",0.164948453608247
"TYS_122","sound",13,"prop_c",0.168316831683168
"TYS_122","sound",14,"prop_c",0.173913043478261
"TYS_122","sound",15,"prop_c",0.145833333333333
"TYS_122","sound",16,"prop_c",0.106382978723404
"TYS_122","sound",17,"prop_c",0.0869565217391304
"TYS_122","sound",18,"prop_c",0.0930232558139535
"TYS_122","sound",19,"prop_c",0.0980392156862745
"TYS_122","sound",20,"prop_c",0.19047619047619
"TYS_125","label",0,"prop_c",0
"TYS_125","label",1,"prop_c",0
"TYS_125","label",2,"prop_c",0
"TYS_125","label",3,"prop_c",0
"TYS_125","label",4,"prop_c",0.0204081632653061
"TYS_125","label",5,"prop_c",0.0754716981132075
"TYS_125","label",6,"prop_c",0.0757575757575758
"TYS_125","label",7,"prop_c",0.0655737704918033
"TYS_125","label",8,"prop_c",0.0757575757575758
"TYS_125","label",9,"prop_c",0.0714285714285714
"TYS_125","label",10,"prop_c",0.0923076923076923
"TYS_125","label",11,"prop_c",0.0869565217391304
"TYS_125","label",12,"prop_c",0.0769230769230769
"TYS_125","label",13,"prop_c",0.0684931506849315
"TYS_125","label",14,"prop_c",0.1
"TYS_125","label",15,"prop_c",0.10958904109589
"TYS_125","label",16,"prop_c",0.114754098360656
"TYS_125","label",17,"prop_c",0.0909090909090909
"TYS_125","label",18,"prop_c",0.0952380952380952
"TYS_125","label",19,"prop_c",0.0930232558139535
"TYS_125","label",20,"prop_c",0.105263157894737
"TYS_125","sound",0,"prop_c",0
"TYS_125","sound",1,"prop_c",0
"TYS_125","sound",2,"prop_c",0
"TYS_125","sound",3,"prop_c",0.0208333333333333
"TYS_125","sound",4,"prop_c",0.0192307692307692
"TYS_125","sound",5,"prop_c",0.06
"TYS_125","sound",6,"prop_c",0.0483870967741935
"TYS_125","sound",7,"prop_c",0.0655737704918033
"TYS_125","sound",8,"prop_c",0.0597014925373134
"TYS_125","sound",9,"prop_c",0.0597014925373134
"TYS_125","sound",10,"prop_c",0.0289855072463768
"TYS_125","sound",11,"prop_c",0.0571428571428571
"TYS_125","sound",12,"prop_c",0.08
"TYS_125","sound",13,"prop_c",0.102941176470588
"TYS_125","sound",14,"prop_c",0.0958904109589041
"TYS_125","sound",15,"prop_c",0.0735294117647059
"TYS_125","sound",16,"prop_c",0.0694444444444444
"TYS_125","sound",17,"prop_c",0.0757575757575758
"TYS_125","sound",18,"prop_c",0.107692307692308
"TYS_125","sound",19,"prop_c",0.121951219512195
"TYS_125","sound",20,"prop_c",0.08
"TYS_202","label",0,"prop_c",0
"TYS_202","label",1,"prop_c",0
"TYS_202","label",2,"prop_c",0
"TYS_202","label",3,"prop_c",0.0909090909090909
"TYS_202","label",4,"prop_c",0.128571428571429
"TYS_202","label",5,"prop_c",0.156626506024096
"TYS_202","label",6,"prop_c",0.156626506024096
"TYS_202","label",7,"prop_c",0.205128205128205
"TYS_202","label",8,"prop_c",0.164383561643836
"TYS_202","label",9,"prop_c",0.159420289855072
"TYS_202","label",10,"prop_c",0.214285714285714
"TYS_202","label",11,"prop_c",0.166666666666667
"TYS_202","label",12,"prop_c",0.179487179487179
"TYS_202","label",13,"prop_c",0.182926829268293
"TYS_202","label",14,"prop_c",0.141025641025641
"TYS_202","label",15,"prop_c",0.146341463414634
"TYS_202","label",16,"prop_c",0.172839506172839
"TYS_202","label",17,"prop_c",0.164383561643836
"TYS_202","label",18,"prop_c",0.144927536231884
"TYS_202","label",19,"prop_c",0.140350877192982
"TYS_202","label",20,"prop_c",0.15
"TYS_202","sound",0,"prop_c",0
"TYS_202","sound",1,"prop_c",0
"TYS_202","sound",2,"prop_c",0.0142857142857143
"TYS_202","sound",3,"prop_c",0.181818181818182
"TYS_202","sound",4,"prop_c",0.179487179487179
"TYS_202","sound",5,"prop_c",0.197674418604651
"TYS_202","sound",6,"prop_c",0.214285714285714
"TYS_202","sound",7,"prop_c",0.160493827160494
"TYS_202","sound",8,"prop_c",0.172839506172839
"TYS_202","sound",9,"prop_c",0.185185185185185
"TYS_202","sound",10,"prop_c",0.157303370786517
"TYS_202","sound",11,"prop_c",0.12987012987013
"TYS_202","sound",12,"prop_c",0.0449438202247191
"TYS_202","sound",13,"prop_c",0.0714285714285714
"TYS_202","sound",14,"prop_c",0.117021276595745
"TYS_202","sound",15,"prop_c",0.183908045977011
"TYS_202","sound",16,"prop_c",0.247191011235955
"TYS_202","sound",17,"prop_c",0.193181818181818
"TYS_202","sound",18,"prop_c",0.181818181818182
"TYS_202","sound",19,"prop_c",0.15625
"TYS_202","sound",20,"prop_c",0.191489361702128
"TYS_203","label",0,"prop_c",0
"TYS_203","label",1,"prop_c",0
"TYS_203","label",2,"prop_c",0
"TYS_203","label",3,"prop_c",0.101694915254237
"TYS_203","label",4,"prop_c",0.128571428571429
"TYS_203","label",5,"prop_c",0.126315789473684
"TYS_203","label",6,"prop_c",0.0740740740740741
"TYS_203","label",7,"prop_c",0.0898876404494382
"TYS_203","label",8,"prop_c",0.0989010989010989
"TYS_203","label",9,"prop_c",0.151162790697674
"TYS_203","label",10,"prop_c",0.191011235955056
"TYS_203","label",11,"prop_c",0.213483146067416
"TYS_203","label",12,"prop_c",0.195652173913043
"TYS_203","label",13,"prop_c",0.216494845360825
"TYS_203","label",14,"prop_c",0.2
"TYS_203","label",15,"prop_c",0.174418604651163
"TYS_203","label",16,"prop_c",0.175824175824176
"TYS_203","label",17,"prop_c",0.154761904761905
"TYS_203","label",18,"prop_c",0.1625
"TYS_203","label",19,"prop_c",0.1
"TYS_203","label",20,"prop_c",0.115384615384615
"TYS_203","sound",0,"prop_c",0
"TYS_203","sound",1,"prop_c",0
"TYS_203","sound",2,"prop_c",0
"TYS_203","sound",3,"prop_c",0.0862068965517241
"TYS_203","sound",4,"prop_c",0.0769230769230769
"TYS_203","sound",5,"prop_c",0.15
"TYS_203","sound",6,"prop_c",0.123456790123457
"TYS_203","sound",7,"prop_c",0.155844155844156
"TYS_203","sound",8,"prop_c",0.142857142857143
"TYS_203","sound",9,"prop_c",0.168539325842697
"TYS_203","sound",10,"prop_c",0.129032258064516
"TYS_203","sound",11,"prop_c",0.131868131868132
"TYS_203","sound",12,"prop_c",0.153846153846154
"TYS_203","sound",13,"prop_c",0.148514851485149
"TYS_203","sound",14,"prop_c",0.177777777777778
"TYS_203","sound",15,"prop_c",0.180851063829787
"TYS_203","sound",16,"prop_c",0.204545454545455
"TYS_203","sound",17,"prop_c",0.217391304347826
"TYS_203","sound",18,"prop_c",0.256756756756757
"TYS_203","sound",19,"prop_c",0.204081632653061
"TYS_203","sound",20,"prop_c",0.0555555555555556
"TYS_204","label",0,"prop_c",0
"TYS_204","label",1,"prop_c",0
"TYS_204","label",2,"prop_c",0
"TYS_204","label",3,"prop_c",0.0666666666666667
"TYS_204","label",4,"prop_c",0.105263157894737
"TYS_204","label",5,"prop_c",0.130434782608696
"TYS_204","label",6,"prop_c",0.130434782608696
"TYS_204","label",7,"prop_c",0.0869565217391304
"TYS_204","label",8,"prop_c",0.142857142857143
"TYS_204","label",9,"prop_c",0.210526315789474
"TYS_204","label",10,"prop_c",0.285714285714286
"TYS_204","label",11,"prop_c",0.222222222222222
"TYS_204","label",12,"prop_c",0.222222222222222
"TYS_204","label",13,"prop_c",0.210526315789474
"TYS_204","label",14,"prop_c",0.235294117647059
"TYS_204","label",15,"prop_c",0.176470588235294
"TYS_204","label",16,"prop_c",0.0714285714285714
"TYS_204","label",17,"prop_c",0
"TYS_204","label",18,"prop_c",0
"TYS_204","label",19,"prop_c",0
"TYS_204","label",20,"prop_c",0
"TYS_204","sound",0,"prop_c",0
"TYS_204","sound",1,"prop_c",0
"TYS_204","sound",2,"prop_c",0
"TYS_204","sound",3,"prop_c",0
"TYS_204","sound",4,"prop_c",0.235294117647059
"TYS_204","sound",5,"prop_c",0.238095238095238
"TYS_204","sound",6,"prop_c",0.25
"TYS_204","sound",7,"prop_c",0.19047619047619
"TYS_204","sound",8,"prop_c",0.166666666666667
"TYS_204","sound",9,"prop_c",0.277777777777778
"TYS_204","sound",10,"prop_c",0.32
"TYS_204","sound",11,"prop_c",0.25
"TYS_204","sound",12,"prop_c",0.238095238095238
"TYS_204","sound",13,"prop_c",0.166666666666667
"TYS_204","sound",14,"prop_c",0.0952380952380952
"TYS_204","sound",15,"prop_c",0.15
"TYS_204","sound",16,"prop_c",0.111111111111111
"TYS_204","sound",17,"prop_c",0.176470588235294
"TYS_204","sound",18,"prop_c",0.117647058823529
"TYS_204","sound",19,"prop_c",0.111111111111111
"TYS_204","sound",20,"prop_c",0.166666666666667
"TYS_205","label",0,"prop_c",0
"TYS_205","label",1,"prop_c",0
"TYS_205","label",2,"prop_c",0
"TYS_205","label",3,"prop_c",0.0864197530864197
"TYS_205","label",4,"prop_c",0.12
"TYS_205","label",5,"prop_c",0.151515151515152
"TYS_205","label",6,"prop_c",0.142857142857143
"TYS_205","label",7,"prop_c",0.0967741935483871
"TYS_205","label",8,"prop_c",0.130434782608696
"TYS_205","label",9,"prop_c",0.127659574468085
"TYS_205","label",10,"prop_c",0.155339805825243
"TYS_205","label",11,"prop_c",0.156862745098039
"TYS_205","label",12,"prop_c",0.135922330097087
"TYS_205","label",13,"prop_c",0.125
"TYS_205","label",14,"prop_c",0.101010101010101
"TYS_205","label",15,"prop_c",0.1
"TYS_205","label",16,"prop_c",0.0752688172043011
"TYS_205","label",17,"prop_c",0.136363636363636
"TYS_205","label",18,"prop_c",0.229166666666667
"TYS_205","label",19,"prop_c",0.256756756756757
"TYS_205","label",20,"prop_c",0.238095238095238
"TYS_205","sound",0,"prop_c",0
"TYS_205","sound",1,"prop_c",0
"TYS_205","sound",2,"prop_c",0
"TYS_205","sound",3,"prop_c",0.0571428571428571
"TYS_205","sound",4,"prop_c",0.07
"TYS_205","sound",5,"prop_c",0.106382978723404
"TYS_205","sound",6,"prop_c",0.103092783505155
"TYS_205","sound",7,"prop_c",0.16504854368932
"TYS_205","sound",8,"prop_c",0.181818181818182
"TYS_205","sound",9,"prop_c",0.186274509803922
"TYS_205","sound",10,"prop_c",0.176470588235294
"TYS_205","sound",11,"prop_c",0.165137614678899
"TYS_205","sound",12,"prop_c",0.125
"TYS_205","sound",13,"prop_c",0.0970873786407767
"TYS_205","sound",14,"prop_c",0.134020618556701
"TYS_205","sound",15,"prop_c",0.0891089108910891
"TYS_205","sound",16,"prop_c",0.10752688172043
"TYS_205","sound",17,"prop_c",0.146067415730337
"TYS_205","sound",18,"prop_c",0.151898734177215
"TYS_205","sound",19,"prop_c",0.171875
"TYS_205","sound",20,"prop_c",0.171428571428571
"TYS_206","label",0,"prop_c",0
"TYS_206","label",1,"prop_c",0
"TYS_206","label",2,"prop_c",0
"TYS_206","label",3,"prop_c",0.0769230769230769
"TYS_206","label",4,"prop_c",0.0714285714285714
"TYS_206","label",5,"prop_c",0.0547945205479452
"TYS_206","label",6,"prop_c",0.0487804878048781
"TYS_206","label",7,"prop_c",0.0526315789473684
"TYS_206","label",8,"prop_c",0.0857142857142857
"TYS_206","label",9,"prop_c",0.0945945945945946
"TYS_206","label",10,"prop_c",0.0810810810810811
"TYS_206","label",11,"prop_c",0.169014084507042
"TYS_206","label",12,"prop_c",0.16
"TYS_206","label",13,"prop_c",0.136986301369863
"TYS_206","label",14,"prop_c",0.0434782608695652
"TYS_206","label",15,"prop_c",0.0416666666666667
"TYS_206","label",16,"prop_c",0.0833333333333333
"TYS_206","label",17,"prop_c",0.0882352941176471
"TYS_206","label",18,"prop_c",0.107142857142857
"TYS_206","label",19,"prop_c",0.0512820512820513
"TYS_206","label",20,"prop_c",0.0416666666666667
"TYS_206","sound",0,"prop_c",0
"TYS_206","sound",1,"prop_c",0
"TYS_206","sound",2,"prop_c",0
"TYS_206","sound",3,"prop_c",0.0434782608695652
"TYS_206","sound",4,"prop_c",0.0943396226415094
"TYS_206","sound",5,"prop_c",0.0909090909090909
"TYS_206","sound",6,"prop_c",0.0793650793650794
"TYS_206","sound",7,"prop_c",0.0571428571428571
"TYS_206","sound",8,"prop_c",0.0634920634920635
"TYS_206","sound",9,"prop_c",0.0555555555555556
"TYS_206","sound",10,"prop_c",0.0909090909090909
"TYS_206","sound",11,"prop_c",0.078125
"TYS_206","sound",12,"prop_c",0.0769230769230769
"TYS_206","sound",13,"prop_c",0.0588235294117647
"TYS_206","sound",14,"prop_c",0.0447761194029851
"TYS_206","sound",15,"prop_c",0.0454545454545455
"TYS_206","sound",16,"prop_c",0.0923076923076923
"TYS_206","sound",17,"prop_c",0.137931034482759
"TYS_206","sound",18,"prop_c",0.18
"TYS_206","sound",19,"prop_c",0.228571428571429
"TYS_206","sound",20,"prop_c",0.235294117647059
"TYS_207","label",0,"prop_c",0
"TYS_207","label",1,"prop_c",0
"TYS_207","label",2,"prop_c",0
"TYS_207","label",3,"prop_c",0
"TYS_207","label",4,"prop_c",0.0136986301369863
"TYS_207","label",5,"prop_c",0.0138888888888889
"TYS_207","label",6,"prop_c",0.0625
"TYS_207","label",7,"prop_c",0.0941176470588235
"TYS_207","label",8,"prop_c",0.125
"TYS_207","label",9,"prop_c",0.188235294117647
"TYS_207","label",10,"prop_c",0.183908045977011
"TYS_207","label",11,"prop_c",0.186046511627907
"TYS_207","label",12,"prop_c",0.214285714285714
"TYS_207","label",13,"prop_c",0.1875
"TYS_207","label",14,"prop_c",0.20253164556962
"TYS_207","label",15,"prop_c",0.230769230769231
"TYS_207","label",16,"prop_c",0.269230769230769
"TYS_207","label",17,"prop_c",0.197183098591549
"TYS_207","label",18,"prop_c",0.196969696969697
"TYS_207","label",19,"prop_c",0.166666666666667
"TYS_207","label",20,"prop_c",0.238095238095238
"TYS_207","sound",0,"prop_c",0
"TYS_207","sound",1,"prop_c",0
"TYS_207","sound",2,"prop_c",0
"TYS_207","sound",3,"prop_c",0.0422535211267606
"TYS_207","sound",4,"prop_c",0.0533333333333333
"TYS_207","sound",5,"prop_c",0.0779220779220779
"TYS_207","sound",6,"prop_c",0.108433734939759
"TYS_207","sound",7,"prop_c",0.0975609756097561
"TYS_207","sound",8,"prop_c",0.104651162790698
"TYS_207","sound",9,"prop_c",0.0851063829787234
"TYS_207","sound",10,"prop_c",0.1
"TYS_207","sound",11,"prop_c",0.114583333333333
"TYS_207","sound",12,"prop_c",0.155555555555556
"TYS_207","sound",13,"prop_c",0.211764705882353
"TYS_207","sound",14,"prop_c",0.226190476190476
"TYS_207","sound",15,"prop_c",0.134146341463415
"TYS_207","sound",16,"prop_c",0.0697674418604651
"TYS_207","sound",17,"prop_c",0.0769230769230769
"TYS_207","sound",18,"prop_c",0.0563380281690141
"TYS_207","sound",19,"prop_c",0.0638297872340425
"TYS_207","sound",20,"prop_c",0.0833333333333333
"TYS_209","label",0,"prop_c",0
"TYS_209","label",1,"prop_c",0
"TYS_209","label",2,"prop_c",0.0303030303030303
"TYS_209","label",3,"prop_c",0.104477611940299
"TYS_209","label",4,"prop_c",0.135135135135135
"TYS_209","label",5,"prop_c",0.181818181818182
"TYS_209","label",6,"prop_c",0.184782608695652
"TYS_209","label",7,"prop_c",0.161290322580645
"TYS_209","label",8,"prop_c",0.144444444444444
"TYS_209","label",9,"prop_c",0.159090909090909
"TYS_209","label",10,"prop_c",0.183673469387755
"TYS_209","label",11,"prop_c",0.173913043478261
"TYS_209","label",12,"prop_c",0.183908045977011
"TYS_209","label",13,"prop_c",0.177083333333333
"TYS_209","label",14,"prop_c",0.152173913043478
"TYS_209","label",15,"prop_c",0.130434782608696
"TYS_209","label",16,"prop_c",0.135802469135802
"TYS_209","label",17,"prop_c",0.1375
"TYS_209","label",18,"prop_c",0.0821917808219178
"TYS_209","label",19,"prop_c",0.0869565217391304
"TYS_209","label",20,"prop_c",0.136363636363636
"TYS_209","sound",0,"prop_c",0
"TYS_209","sound",1,"prop_c",0
"TYS_209","sound",2,"prop_c",0
"TYS_209","sound",3,"prop_c",0.0694444444444444
"TYS_209","sound",4,"prop_c",0.133333333333333
"TYS_209","sound",5,"prop_c",0.136363636363636
"TYS_209","sound",6,"prop_c",0.155555555555556
"TYS_209","sound",7,"prop_c",0.181818181818182
"TYS_209","sound",8,"prop_c",0.176470588235294
"TYS_209","sound",9,"prop_c",0.125
"TYS_209","sound",10,"prop_c",0.134831460674157
"TYS_209","sound",11,"prop_c",0.129032258064516
"TYS_209","sound",12,"prop_c",0.09375
"TYS_209","sound",13,"prop_c",0.120481927710843
"TYS_209","sound",14,"prop_c",0.118279569892473
"TYS_209","sound",15,"prop_c",0.0898876404494382
"TYS_209","sound",16,"prop_c",0.0493827160493827
"TYS_209","sound",17,"prop_c",0.0465116279069767
"TYS_209","sound",18,"prop_c",0.0757575757575758
"TYS_209","sound",19,"prop_c",0.0930232558139535
"TYS_209","sound",20,"prop_c",0.142857142857143
"TYS_210","label",0,"prop_c",0
"TYS_210","label",1,"prop_c",0
"TYS_210","label",2,"prop_c",0
"TYS_210","label",3,"prop_c",0.0566037735849057
"TYS_210","label",4,"prop_c",0.0571428571428571
"TYS_210","label",5,"prop_c",0.101449275362319
"TYS_210","label",6,"prop_c",0.114285714285714
"TYS_210","label",7,"prop_c",0.115942028985507
"TYS_210","label",8,"prop_c",0.111111111111111
"TYS_210","label",9,"prop_c",0.0921052631578947
"TYS_210","label",10,"prop_c",0.166666666666667
"TYS_210","label",11,"prop_c",0.166666666666667
"TYS_210","label",12,"prop_c",0.154929577464789
"TYS_210","label",13,"prop_c",0.142857142857143
"TYS_210","label",14,"prop_c",0.142857142857143
"TYS_210","label",15,"prop_c",0.173333333333333
"TYS_210","label",16,"prop_c",0.102941176470588
"TYS_210","label",17,"prop_c",0.126984126984127
"TYS_210","label",18,"prop_c",0.0925925925925926
"TYS_210","label",19,"prop_c",0.0697674418604651
"TYS_210","label",20,"prop_c",0.0416666666666667
"TYS_210","sound",0,"prop_c",0
"TYS_210","sound",1,"prop_c",0
"TYS_210","sound",2,"prop_c",0
"TYS_210","sound",3,"prop_c",0.0727272727272727
"TYS_210","sound",4,"prop_c",0.0666666666666667
"TYS_210","sound",5,"prop_c",0.0967741935483871
"TYS_210","sound",6,"prop_c",0.0731707317073171
"TYS_210","sound",7,"prop_c",0.0666666666666667
"TYS_210","sound",8,"prop_c",0.0810810810810811
"TYS_210","sound",9,"prop_c",0.0789473684210526
"TYS_210","sound",10,"prop_c",0.0769230769230769
"TYS_210","sound",11,"prop_c",0.075
"TYS_210","sound",12,"prop_c",0.0833333333333333
"TYS_210","sound",13,"prop_c",0.0779220779220779
"TYS_210","sound",14,"prop_c",0.0886075949367089
"TYS_210","sound",15,"prop_c",0.215189873417722
"TYS_210","sound",16,"prop_c",0.220779220779221
"TYS_210","sound",17,"prop_c",0.242857142857143
"TYS_210","sound",18,"prop_c",0.228070175438596
"TYS_210","sound",19,"prop_c",0.228571428571429
"TYS_210","sound",20,"prop_c",0.181818181818182
"TYS_212","label",0,"prop_c",0
"TYS_212","label",1,"prop_c",0
"TYS_212","label",2,"prop_c",0
"TYS_212","label",3,"prop_c",0.0444444444444444
"TYS_212","label",4,"prop_c",0.123076923076923
"TYS_212","label",5,"prop_c",0.136986301369863
"TYS_212","label",6,"prop_c",0.148148148148148
"TYS_212","label",7,"prop_c",0.132530120481928
"TYS_212","label",8,"prop_c",0.12987012987013
"TYS_212","label",9,"prop_c",0.118421052631579
"TYS_212","label",10,"prop_c",0.0963855421686747
"TYS_212","label",11,"prop_c",0.116279069767442
"TYS_212","label",12,"prop_c",0.137931034482759
"TYS_212","label",13,"prop_c",0.117647058823529
"TYS_212","label",14,"prop_c",0.139784946236559
"TYS_212","label",15,"prop_c",0.151162790697674
"TYS_212","label",16,"prop_c",0.166666666666667
"TYS_212","label",17,"prop_c",0.195402298850575
"TYS_212","label",18,"prop_c",0.240963855421687
"TYS_212","label",19,"prop_c",0.185185185185185
"TYS_212","label",20,"prop_c",0.260869565217391
"TYS_212","sound",0,"prop_c",0
"TYS_212","sound",1,"prop_c",0
"TYS_212","sound",2,"prop_c",0.0135135135135135
"TYS_212","sound",3,"prop_c",0.0434782608695652
"TYS_212","sound",4,"prop_c",0.101694915254237
"TYS_212","sound",5,"prop_c",0.113924050632911
"TYS_212","sound",6,"prop_c",0.103448275862069
"TYS_212","sound",7,"prop_c",0.144578313253012
"TYS_212","sound",8,"prop_c",0.0985915492957746
"TYS_212","sound",9,"prop_c",0.146666666666667
"TYS_212","sound",10,"prop_c",0.139240506329114
"TYS_212","sound",11,"prop_c",0.130952380952381
"TYS_212","sound",12,"prop_c",0.129411764705882
"TYS_212","sound",13,"prop_c",0.144578313253012
"TYS_212","sound",14,"prop_c",0.111111111111111
"TYS_212","sound",15,"prop_c",0.0823529411764706
"TYS_212","sound",16,"prop_c",0.038961038961039
"TYS_212","sound",17,"prop_c",0.0760869565217391
"TYS_212","sound",18,"prop_c",0.12
"TYS_212","sound",19,"prop_c",0.181818181818182
"TYS_212","sound",20,"prop_c",0.294117647058824
"TYS_104","label",0,"prop_d",0
"TYS_104","label",1,"prop_d",0
"TYS_104","label",2,"prop_d",0
"TYS_104","label",3,"prop_d",0.037037037037037
"TYS_104","label",4,"prop_d",0.0434782608695652
"TYS_104","label",5,"prop_d",0.0526315789473684
"TYS_104","label",6,"prop_d",0.129411764705882
"TYS_104","label",7,"prop_d",0.141025641025641
"TYS_104","label",8,"prop_d",0.160493827160494
"TYS_104","label",9,"prop_d",0.202380952380952
"TYS_104","label",10,"prop_d",0.180722891566265
"TYS_104","label",11,"prop_d",0.202380952380952
"TYS_104","label",12,"prop_d",0.164835164835165
"TYS_104","label",13,"prop_d",0.170454545454545
"TYS_104","label",14,"prop_d",0.195402298850575
"TYS_104","label",15,"prop_d",0.180722891566265
"TYS_104","label",16,"prop_d",0.127906976744186
"TYS_104","label",17,"prop_d",0.103448275862069
"TYS_104","label",18,"prop_d",0.106666666666667
"TYS_104","label",19,"prop_d",0.160714285714286
"TYS_104","label",20,"prop_d",0.1875
"TYS_104","sound",0,"prop_d",0
"TYS_104","sound",1,"prop_d",0
"TYS_104","sound",2,"prop_d",0
"TYS_104","sound",3,"prop_d",0.0333333333333333
"TYS_104","sound",4,"prop_d",0.0428571428571429
"TYS_104","sound",5,"prop_d",0.0684931506849315
"TYS_104","sound",6,"prop_d",0.114942528735632
"TYS_104","sound",7,"prop_d",0.125
"TYS_104","sound",8,"prop_d",0.151162790697674
"TYS_104","sound",9,"prop_d",0.172839506172839
"TYS_104","sound",10,"prop_d",0.188888888888889
"TYS_104","sound",11,"prop_d",0.174418604651163
"TYS_104","sound",12,"prop_d",0.122222222222222
"TYS_104","sound",13,"prop_d",0.0833333333333333
"TYS_104","sound",14,"prop_d",0.0777777777777778
"TYS_104","sound",15,"prop_d",0.114942528735632
"TYS_104","sound",16,"prop_d",0.125
"TYS_104","sound",17,"prop_d",0.0898876404494382
"TYS_104","sound",18,"prop_d",0.103448275862069
"TYS_104","sound",19,"prop_d",0.0847457627118644
"TYS_104","sound",20,"prop_d",0.0740740740740741
"TYS_120","label",0,"prop_d",0
"TYS_120","label",1,"prop_d",0
"TYS_120","label",2,"prop_d",0
"TYS_120","label",3,"prop_d",0.127272727272727
"TYS_120","label",4,"prop_d",0.205479452054795
"TYS_120","label",5,"prop_d",0.252747252747253
"TYS_120","label",6,"prop_d",0.3
"TYS_120","label",7,"prop_d",0.329545454545455
"TYS_120","label",8,"prop_d",0.329411764705882
"TYS_120","label",9,"prop_d",0.303370786516854
"TYS_120","label",10,"prop_d",0.273684210526316
"TYS_120","label",11,"prop_d",0.333333333333333
"TYS_120","label",12,"prop_d",0.260416666666667
"TYS_120","label",13,"prop_d",0.247311827956989
"TYS_120","label",14,"prop_d",0.308510638297872
"TYS_120","label",15,"prop_d",0.244444444444444
"TYS_120","label",16,"prop_d",0.273684210526316
"TYS_120","label",17,"prop_d",0.213483146067416
"TYS_120","label",18,"prop_d",0.152777777777778
"TYS_120","label",19,"prop_d",0.12
"TYS_120","label",20,"prop_d",0.0952380952380952
"TYS_120","sound",0,"prop_d",0
"TYS_120","sound",1,"prop_d",0
"TYS_120","sound",2,"prop_d",0
"TYS_120","sound",3,"prop_d",0.0512820512820513
"TYS_120","sound",4,"prop_d",0.180555555555556
"TYS_120","sound",5,"prop_d",0.207792207792208
"TYS_120","sound",6,"prop_d",0.225490196078431
"TYS_120","sound",7,"prop_d",0.222222222222222
"TYS_120","sound",8,"prop_d",0.189473684210526
"TYS_120","sound",9,"prop_d",0.153846153846154
"TYS_120","sound",10,"prop_d",0.118811881188119
"TYS_120","sound",11,"prop_d",0.144444444444444
"TYS_120","sound",12,"prop_d",0.177083333333333
"TYS_120","sound",13,"prop_d",0.242105263157895
"TYS_120","sound",14,"prop_d",0.206521739130435
"TYS_120","sound",15,"prop_d",0.209302325581395
"TYS_120","sound",16,"prop_d",0.149425287356322
"TYS_120","sound",17,"prop_d",0.135802469135802
"TYS_120","sound",18,"prop_d",0.135135135135135
"TYS_120","sound",19,"prop_d",0.0909090909090909
"TYS_120","sound",20,"prop_d",0.173913043478261
"TYS_122","label",0,"prop_d",0
"TYS_122","label",1,"prop_d",0
"TYS_122","label",2,"prop_d",0.0666666666666667
"TYS_122","label",3,"prop_d",0.159420289855072
"TYS_122","label",4,"prop_d",0.225806451612903
"TYS_122","label",5,"prop_d",0.228260869565217
"TYS_122","label",6,"prop_d",0.206521739130435
"TYS_122","label",7,"prop_d",0.225806451612903
"TYS_122","label",8,"prop_d",0.262626262626263
"TYS_122","label",9,"prop_d",0.235955056179775
"TYS_122","label",10,"prop_d",0.188888888888889
"TYS_122","label",11,"prop_d",0.151515151515152
"TYS_122","label",12,"prop_d",0.135416666666667
"TYS_122","label",13,"prop_d",0.210526315789474
"TYS_122","label",14,"prop_d",0.206185567010309
"TYS_122","label",15,"prop_d",0.184782608695652
"TYS_122","label",16,"prop_d",0.182692307692308
"TYS_122","label",17,"prop_d",0.228260869565217
"TYS_122","label",18,"prop_d",0.28735632183908
"TYS_122","label",19,"prop_d",0.3125
"TYS_122","label",20,"prop_d",0.28125
"TYS_122","sound",0,"prop_d",0
"TYS_122","sound",1,"prop_d",0
"TYS_122","sound",2,"prop_d",0.0289855072463768
"TYS_122","sound",3,"prop_d",0.0821917808219178
"TYS_122","sound",4,"prop_d",0.186274509803922
"TYS_122","sound",5,"prop_d",0.25
"TYS_122","sound",6,"prop_d",0.21
"TYS_122","sound",7,"prop_d",0.191489361702128
"TYS_122","sound",8,"prop_d",0.122448979591837
"TYS_122","sound",9,"prop_d",0.0927835051546392
"TYS_122","sound",10,"prop_d",0.0980392156862745
"TYS_122","sound",11,"prop_d",0.108910891089109
"TYS_122","sound",12,"prop_d",0.123711340206186
"TYS_122","sound",13,"prop_d",0.168316831683168
"TYS_122","sound",14,"prop_d",0.141304347826087
"TYS_122","sound",15,"prop_d",0.15625
"TYS_122","sound",16,"prop_d",0.212765957446809
"TYS_122","sound",17,"prop_d",0.206521739130435
"TYS_122","sound",18,"prop_d",0.174418604651163
"TYS_122","sound",19,"prop_d",0.117647058823529
"TYS_122","sound",20,"prop_d",0.0476190476190476
"TYS_125","label",0,"prop_d",0
"TYS_125","label",1,"prop_d",0
"TYS_125","label",2,"prop_d",0
"TYS_125","label",3,"prop_d",0.0238095238095238
"TYS_125","label",4,"prop_d",0.0204081632653061
"TYS_125","label",5,"prop_d",0.0754716981132075
"TYS_125","label",6,"prop_d",0.0606060606060606
"TYS_125","label",7,"prop_d",0.0983606557377049
"TYS_125","label",8,"prop_d",0.106060606060606
"TYS_125","label",9,"prop_d",0.128571428571429
"TYS_125","label",10,"prop_d",0.0923076923076923
"TYS_125","label",11,"prop_d",0.101449275362319
"TYS_125","label",12,"prop_d",0.0769230769230769
"TYS_125","label",13,"prop_d",0.0410958904109589
"TYS_125","label",14,"prop_d",0.0714285714285714
"TYS_125","label",15,"prop_d",0.0821917808219178
"TYS_125","label",16,"prop_d",0.114754098360656
"TYS_125","label",17,"prop_d",0.0757575757575758
"TYS_125","label",18,"prop_d",0.0952380952380952
"TYS_125","label",19,"prop_d",0.116279069767442
"TYS_125","label",20,"prop_d",0.157894736842105
"TYS_125","sound",0,"prop_d",0
"TYS_125","sound",1,"prop_d",0
"TYS_125","sound",2,"prop_d",0
"TYS_125","sound",3,"prop_d",0
"TYS_125","sound",4,"prop_d",0.0384615384615385
"TYS_125","sound",5,"prop_d",0.04
"TYS_125","sound",6,"prop_d",0.0967741935483871
"TYS_125","sound",7,"prop_d",0.131147540983607
"TYS_125","sound",8,"prop_d",0.134328358208955
"TYS_125","sound",9,"prop_d",0.134328358208955
"TYS_125","sound",10,"prop_d",0.115942028985507
"TYS_125","sound",11,"prop_d",0.0857142857142857
"TYS_125","sound",12,"prop_d",0.0933333333333333
"TYS_125","sound",13,"prop_d",0.102941176470588
"TYS_125","sound",14,"prop_d",0.10958904109589
"TYS_125","sound",15,"prop_d",0.102941176470588
"TYS_125","sound",16,"prop_d",0.0694444444444444
"TYS_125","sound",17,"prop_d",0.0454545454545455
"TYS_125","sound",18,"prop_d",0.0923076923076923
"TYS_125","sound",19,"prop_d",0.170731707317073
"TYS_125","sound",20,"prop_d",0.2
"TYS_202","label",0,"prop_d",0
"TYS_202","label",1,"prop_d",0
"TYS_202","label",2,"prop_d",0
"TYS_202","label",3,"prop_d",0.109090909090909
"TYS_202","label",4,"prop_d",0.142857142857143
"TYS_202","label",5,"prop_d",0.180722891566265
"TYS_202","label",6,"prop_d",0.216867469879518
"TYS_202","label",7,"prop_d",0.205128205128205
"TYS_202","label",8,"prop_d",0.232876712328767
"TYS_202","label",9,"prop_d",0.217391304347826
"TYS_202","label",10,"prop_d",0.178571428571429
"TYS_202","label",11,"prop_d",0.166666666666667
"TYS_202","label",12,"prop_d",0.192307692307692
"TYS_202","label",13,"prop_d",0.195121951219512
"TYS_202","label",14,"prop_d",0.205128205128205
"TYS_202","label",15,"prop_d",0.146341463414634
"TYS_202","label",16,"prop_d",0.172839506172839
"TYS_202","label",17,"prop_d",0.205479452054795
"TYS_202","label",18,"prop_d",0.202898550724638
"TYS_202","label",19,"prop_d",0.192982456140351
"TYS_202","label",20,"prop_d",0.2
"TYS_202","sound",0,"prop_d",0
"TYS_202","sound",1,"prop_d",0
"TYS_202","sound",2,"prop_d",0.0142857142857143
"TYS_202","sound",3,"prop_d",0.109090909090909
"TYS_202","sound",4,"prop_d",0.153846153846154
"TYS_202","sound",5,"prop_d",0.174418604651163
"TYS_202","sound",6,"prop_d",0.19047619047619
"TYS_202","sound",7,"prop_d",0.172839506172839
"TYS_202","sound",8,"prop_d",0.111111111111111
"TYS_202","sound",9,"prop_d",0.148148148148148
"TYS_202","sound",10,"prop_d",0.146067415730337
"TYS_202","sound",11,"prop_d",0.142857142857143
"TYS_202","sound",12,"prop_d",0.247191011235955
"TYS_202","sound",13,"prop_d",0.25
"TYS_202","sound",14,"prop_d",0.223404255319149
"TYS_202","sound",15,"prop_d",0.172413793103448
"TYS_202","sound",16,"prop_d",0.0898876404494382
"TYS_202","sound",17,"prop_d",0.102272727272727
"TYS_202","sound",18,"prop_d",0.116883116883117
"TYS_202","sound",19,"prop_d",0.125
"TYS_202","sound",20,"prop_d",0.148936170212766
"TYS_203","label",0,"prop_d",0
"TYS_203","label",1,"prop_d",0
"TYS_203","label",2,"prop_d",0
"TYS_203","label",3,"prop_d",0.0508474576271186
"TYS_203","label",4,"prop_d",0.0571428571428571
"TYS_203","label",5,"prop_d",0.126315789473684
"TYS_203","label",6,"prop_d",0.172839506172839
"TYS_203","label",7,"prop_d",0.202247191011236
"TYS_203","label",8,"prop_d",0.197802197802198
"TYS_203","label",9,"prop_d",0.22093023255814
"TYS_203","label",10,"prop_d",0.213483146067416
"TYS_203","label",11,"prop_d",0.157303370786517
"TYS_203","label",12,"prop_d",0.141304347826087
"TYS_203","label",13,"prop_d",0.175257731958763
"TYS_203","label",14,"prop_d",0.177777777777778
"TYS_203","label",15,"prop_d",0.151162790697674
"TYS_203","label",16,"prop_d",0.131868131868132
"TYS_203","label",17,"prop_d",0.142857142857143
"TYS_203","label",18,"prop_d",0.175
"TYS_203","label",19,"prop_d",0.22
"TYS_203","label",20,"prop_d",0.192307692307692
"TYS_203","sound",0,"prop_d",0
"TYS_203","sound",1,"prop_d",0
"TYS_203","sound",2,"prop_d",0.0175438596491228
"TYS_203","sound",3,"prop_d",0.0862068965517241
"TYS_203","sound",4,"prop_d",0.128205128205128
"TYS_203","sound",5,"prop_d",0.125
"TYS_203","sound",6,"prop_d",0.160493827160494
"TYS_203","sound",7,"prop_d",0.168831168831169
"TYS_203","sound",8,"prop_d",0.153846153846154
"TYS_203","sound",9,"prop_d",0.134831460674157
"TYS_203","sound",10,"prop_d",0.10752688172043
"TYS_203","sound",11,"prop_d",0.164835164835165
"TYS_203","sound",12,"prop_d",0.175824175824176
"TYS_203","sound",13,"prop_d",0.198019801980198
"TYS_203","sound",14,"prop_d",0.177777777777778
"TYS_203","sound",15,"prop_d",0.191489361702128
"TYS_203","sound",16,"prop_d",0.136363636363636
"TYS_203","sound",17,"prop_d",0.0978260869565217
"TYS_203","sound",18,"prop_d",0.175675675675676
"TYS_203","sound",19,"prop_d",0.183673469387755
"TYS_203","sound",20,"prop_d",0.333333333333333
"TYS_204","label",0,"prop_d",0
"TYS_204","label",1,"prop_d",0
"TYS_204","label",2,"prop_d",0
"TYS_204","label",3,"prop_d",0.0666666666666667
"TYS_204","label",4,"prop_d",0.105263157894737
"TYS_204","label",5,"prop_d",0.130434782608696
"TYS_204","label",6,"prop_d",0.0869565217391304
"TYS_204","label",7,"prop_d",0.0869565217391304
"TYS_204","label",8,"prop_d",0.0476190476190476
"TYS_204","label",9,"prop_d",0.105263157894737
"TYS_204","label",10,"prop_d",0.0476190476190476
"TYS_204","label",11,"prop_d",0.0555555555555556
"TYS_204","label",12,"prop_d",0.0555555555555556
"TYS_204","label",13,"prop_d",0
"TYS_204","label",14,"prop_d",0
"TYS_204","label",15,"prop_d",0
"TYS_204","label",16,"prop_d",0
"TYS_204","label",17,"prop_d",0
"TYS_204","label",18,"prop_d",0.0666666666666667
"TYS_204","label",19,"prop_d",0.0833333333333333
"TYS_204","label",20,"prop_d",0.142857142857143
"TYS_204","sound",0,"prop_d",0
"TYS_204","sound",1,"prop_d",0
"TYS_204","sound",2,"prop_d",0
"TYS_204","sound",3,"prop_d",0.0769230769230769
"TYS_204","sound",4,"prop_d",0.176470588235294
"TYS_204","sound",5,"prop_d",0.142857142857143
"TYS_204","sound",6,"prop_d",0.166666666666667
"TYS_204","sound",7,"prop_d",0.142857142857143
"TYS_204","sound",8,"prop_d",0.125
"TYS_204","sound",9,"prop_d",0.166666666666667
"TYS_204","sound",10,"prop_d",0.2
"TYS_204","sound",11,"prop_d",0.15
"TYS_204","sound",12,"prop_d",0.0952380952380952
"TYS_204","sound",13,"prop_d",0.0555555555555556
"TYS_204","sound",14,"prop_d",0.0476190476190476
"TYS_204","sound",15,"prop_d",0
"TYS_204","sound",16,"prop_d",0
"TYS_204","sound",17,"prop_d",0.0588235294117647
"TYS_204","sound",18,"prop_d",0.0588235294117647
"TYS_204","sound",19,"prop_d",0.111111111111111
"TYS_204","sound",20,"prop_d",0.166666666666667
"TYS_205","label",0,"prop_d",0
"TYS_205","label",1,"prop_d",0
"TYS_205","label",2,"prop_d",0
"TYS_205","label",3,"prop_d",0
"TYS_205","label",4,"prop_d",0.02
"TYS_205","label",5,"prop_d",0.0606060606060606
"TYS_205","label",6,"prop_d",0.102040816326531
"TYS_205","label",7,"prop_d",0.161290322580645
"TYS_205","label",8,"prop_d",0.16304347826087
"TYS_205","label",9,"prop_d",0.234042553191489
"TYS_205","label",10,"prop_d",0.242718446601942
"TYS_205","label",11,"prop_d",0.186274509803922
"TYS_205","label",12,"prop_d",0.174757281553398
"TYS_205","label",13,"prop_d",0.135416666666667
"TYS_205","label",14,"prop_d",0.0808080808080808
"TYS_205","label",15,"prop_d",0.09
"TYS_205","label",16,"prop_d",0.10752688172043
"TYS_205","label",17,"prop_d",0.136363636363636
"TYS_205","label",18,"prop_d",0.114583333333333
"TYS_205","label",19,"prop_d",0.108108108108108
"TYS_205","label",20,"prop_d",0.142857142857143
"TYS_205","sound",0,"prop_d",0
"TYS_205","sound",1,"prop_d",0
"TYS_205","sound",2,"prop_d",0
"TYS_205","sound",3,"prop_d",0.0428571428571429
"TYS_205","sound",4,"prop_d",0.05
"TYS_205","sound",5,"prop_d",0.0851063829787234
"TYS_205","sound",6,"prop_d",0.11340206185567
"TYS_205","sound",7,"prop_d",0.135922330097087
"TYS_205","sound",8,"prop_d",0.171717171717172
"TYS_205","sound",9,"prop_d",0.117647058823529
"TYS_205","sound",10,"prop_d",0.0980392156862745
"TYS_205","sound",11,"prop_d",0.0917431192660551
"TYS_205","sound",12,"prop_d",0.105769230769231
"TYS_205","sound",13,"prop_d",0.155339805825243
"TYS_205","sound",14,"prop_d",0.164948453608247
"TYS_205","sound",15,"prop_d",0.207920792079208
"TYS_205","sound",16,"prop_d",0.193548387096774
"TYS_205","sound",17,"prop_d",0.168539325842697
"TYS_205","sound",18,"prop_d",0.151898734177215
"TYS_205","sound",19,"prop_d",0.109375
"TYS_205","sound",20,"prop_d",0.0571428571428571
"TYS_206","label",0,"prop_d",0
"TYS_206","label",1,"prop_d",0
"TYS_206","label",2,"prop_d",0
"TYS_206","label",3,"prop_d",0.0256410256410256
"TYS_206","label",4,"prop_d",0.107142857142857
"TYS_206","label",5,"prop_d",0.10958904109589
"TYS_206","label",6,"prop_d",0.0853658536585366
"TYS_206","label",7,"prop_d",0.0526315789473684
"TYS_206","label",8,"prop_d",0.0285714285714286
"TYS_206","label",9,"prop_d",0.0135135135135135
"TYS_206","label",10,"prop_d",0.027027027027027
"TYS_206","label",11,"prop_d",0.0422535211267606
"TYS_206","label",12,"prop_d",0.0666666666666667
"TYS_206","label",13,"prop_d",0.0958904109589041
"TYS_206","label",14,"prop_d",0.101449275362319
"TYS_206","label",15,"prop_d",0.0972222222222222
"TYS_206","label",16,"prop_d",0.0694444444444444
"TYS_206","label",17,"prop_d",0.0735294117647059
"TYS_206","label",18,"prop_d",0.0714285714285714
"TYS_206","label",19,"prop_d",0.0512820512820513
"TYS_206","label",20,"prop_d",0.0416666666666667
"TYS_206","sound",0,"prop_d",0
"TYS_206","sound",1,"prop_d",0
"TYS_206","sound",2,"prop_d",0
"TYS_206","sound",3,"prop_d",0.0869565217391304
"TYS_206","sound",4,"prop_d",0.132075471698113
"TYS_206","sound",5,"prop_d",0.151515151515152
"TYS_206","sound",6,"prop_d",0.158730158730159
"TYS_206","sound",7,"prop_d",0.114285714285714
"TYS_206","sound",8,"prop_d",0.0952380952380952
"TYS_206","sound",9,"prop_d",0.0833333333333333
"TYS_206","sound",10,"prop_d",0.0909090909090909
"TYS_206","sound",11,"prop_d",0.125
"TYS_206","sound",12,"prop_d",0.123076923076923
"TYS_206","sound",13,"prop_d",0.0882352941176471
"TYS_206","sound",14,"prop_d",0.0447761194029851
"TYS_206","sound",15,"prop_d",0.0303030303030303
"TYS_206","sound",16,"prop_d",0.0769230769230769
"TYS_206","sound",17,"prop_d",0.103448275862069
"TYS_206","sound",18,"prop_d",0.1
"TYS_206","sound",19,"prop_d",0.114285714285714
"TYS_206","sound",20,"prop_d",0.117647058823529
"TYS_207","label",0,"prop_d",0
"TYS_207","label",1,"prop_d",0
"TYS_207","label",2,"prop_d",0
"TYS_207","label",3,"prop_d",0.0138888888888889
"TYS_207","label",4,"prop_d",0.0410958904109589
"TYS_207","label",5,"prop_d",0.0416666666666667
"TYS_207","label",6,"prop_d",0.075
"TYS_207","label",7,"prop_d",0.0941176470588235
"TYS_207","label",8,"prop_d",0.181818181818182
"TYS_207","label",9,"prop_d",0.2
"TYS_207","label",10,"prop_d",0.264367816091954
"TYS_207","label",11,"prop_d",0.290697674418605
"TYS_207","label",12,"prop_d",0.261904761904762
"TYS_207","label",13,"prop_d",0.25
"TYS_207","label",14,"prop_d",0.265822784810127
"TYS_207","label",15,"prop_d",0.205128205128205
"TYS_207","label",16,"prop_d",0.192307692307692
"TYS_207","label",17,"prop_d",0.183098591549296
"TYS_207","label",18,"prop_d",0.212121212121212
"TYS_207","label",19,"prop_d",0.166666666666667
"TYS_207","label",20,"prop_d",0.0952380952380952
"TYS_207","sound",0,"prop_d",0
"TYS_207","sound",1,"prop_d",0
"TYS_207","sound",2,"prop_d",0
"TYS_207","sound",3,"prop_d",0
"TYS_207","sound",4,"prop_d",0.0266666666666667
"TYS_207","sound",5,"prop_d",0.038961038961039
"TYS_207","sound",6,"prop_d",0.072289156626506
"TYS_207","sound",7,"prop_d",0.0853658536585366
"TYS_207","sound",8,"prop_d",0.116279069767442
"TYS_207","sound",9,"prop_d",0.138297872340426
"TYS_207","sound",10,"prop_d",0.144444444444444
"TYS_207","sound",11,"prop_d",0.135416666666667
"TYS_207","sound",12,"prop_d",0.111111111111111
"TYS_207","sound",13,"prop_d",0.117647058823529
"TYS_207","sound",14,"prop_d",0.0833333333333333
"TYS_207","sound",15,"prop_d",0.121951219512195
"TYS_207","sound",16,"prop_d",0.0930232558139535
"TYS_207","sound",17,"prop_d",0.0897435897435897
"TYS_207","sound",18,"prop_d",0.0985915492957746
"TYS_207","sound",19,"prop_d",0.106382978723404
"TYS_207","sound",20,"prop_d",0.125
"TYS_209","label",0,"prop_d",0
"TYS_209","label",1,"prop_d",0.012987012987013
"TYS_209","label",2,"prop_d",0.0303030303030303
"TYS_209","label",3,"prop_d",0.119402985074627
"TYS_209","label",4,"prop_d",0.148648648648649
"TYS_209","label",5,"prop_d",0.136363636363636
"TYS_209","label",6,"prop_d",0.141304347826087
"TYS_209","label",7,"prop_d",0.161290322580645
"TYS_209","label",8,"prop_d",0.177777777777778
"TYS_209","label",9,"prop_d",0.204545454545455
"TYS_209","label",10,"prop_d",0.224489795918367
"TYS_209","label",11,"prop_d",0.217391304347826
"TYS_209","label",12,"prop_d",0.206896551724138
"TYS_209","label",13,"prop_d",0.166666666666667
"TYS_209","label",14,"prop_d",0.173913043478261
"TYS_209","label",15,"prop_d",0.16304347826087
"TYS_209","label",16,"prop_d",0.172839506172839
"TYS_209","label",17,"prop_d",0.175
"TYS_209","label",18,"prop_d",0.219178082191781
"TYS_209","label",19,"prop_d",0.173913043478261
"TYS_209","label",20,"prop_d",0.0909090909090909
"TYS_209","sound",0,"prop_d",0
"TYS_209","sound",1,"prop_d",0
"TYS_209","sound",2,"prop_d",0
"TYS_209","sound",3,"prop_d",0.111111111111111
"TYS_209","sound",4,"prop_d",0.16
"TYS_209","sound",5,"prop_d",0.193181818181818
"TYS_209","sound",6,"prop_d",0.222222222222222
"TYS_209","sound",7,"prop_d",0.215909090909091
"TYS_209","sound",8,"prop_d",0.211764705882353
"TYS_209","sound",9,"prop_d",0.170454545454545
"TYS_209","sound",10,"prop_d",0.112359550561798
"TYS_209","sound",11,"prop_d",0.118279569892473
"TYS_209","sound",12,"prop_d",0.125
"TYS_209","sound",13,"prop_d",0.180722891566265
"TYS_209","sound",14,"prop_d",0.172043010752688
"TYS_209","sound",15,"prop_d",0.134831460674157
"TYS_209","sound",16,"prop_d",0.123456790123457
"TYS_209","sound",17,"prop_d",0.116279069767442
"TYS_209","sound",18,"prop_d",0.121212121212121
"TYS_209","sound",19,"prop_d",0.0697674418604651
"TYS_209","sound",20,"prop_d",0.0952380952380952
"TYS_210","label",0,"prop_d",0
"TYS_210","label",1,"prop_d",0
"TYS_210","label",2,"prop_d",0
"TYS_210","label",3,"prop_d",0
"TYS_210","label",4,"prop_d",0.0142857142857143
"TYS_210","label",5,"prop_d",0.0579710144927536
"TYS_210","label",6,"prop_d",0.0857142857142857
"TYS_210","label",7,"prop_d",0.144927536231884
"TYS_210","label",8,"prop_d",0.138888888888889
"TYS_210","label",9,"prop_d",0.118421052631579
"TYS_210","label",10,"prop_d",0.111111111111111
"TYS_210","label",11,"prop_d",0.0897435897435897
"TYS_210","label",12,"prop_d",0.126760563380282
"TYS_210","label",13,"prop_d",0.116883116883117
"TYS_210","label",14,"prop_d",0.0779220779220779
"TYS_210","label",15,"prop_d",0.0666666666666667
"TYS_210","label",16,"prop_d",0.0735294117647059
"TYS_210","label",17,"prop_d",0.0952380952380952
"TYS_210","label",18,"prop_d",0.111111111111111
"TYS_210","label",19,"prop_d",0.116279069767442
"TYS_210","label",20,"prop_d",0.125
"TYS_210","sound",0,"prop_d",0
"TYS_210","sound",1,"prop_d",0
"TYS_210","sound",2,"prop_d",0
"TYS_210","sound",3,"prop_d",0
"TYS_210","sound",4,"prop_d",0.0133333333333333
"TYS_210","sound",5,"prop_d",0.0483870967741935
"TYS_210","sound",6,"prop_d",0.0731707317073171
"TYS_210","sound",7,"prop_d",0.0533333333333333
"TYS_210","sound",8,"prop_d",0.0405405405405405
"TYS_210","sound",9,"prop_d",0.0657894736842105
"TYS_210","sound",10,"prop_d",0.0769230769230769
"TYS_210","sound",11,"prop_d",0.1
"TYS_210","sound",12,"prop_d",0.119047619047619
"TYS_210","sound",13,"prop_d",0.142857142857143
"TYS_210","sound",14,"prop_d",0.164556962025316
"TYS_210","sound",15,"prop_d",0.126582278481013
"TYS_210","sound",16,"prop_d",0.116883116883117
"TYS_210","sound",17,"prop_d",0.0571428571428571
"TYS_210","sound",18,"prop_d",0.0701754385964912
"TYS_210","sound",19,"prop_d",0.0857142857142857
"TYS_210","sound",20,"prop_d",0.0454545454545455
"TYS_212","label",0,"prop_d",0
"TYS_212","label",1,"prop_d",0
"TYS_212","label",2,"prop_d",0.0144927536231884
"TYS_212","label",3,"prop_d",0.0666666666666667
"TYS_212","label",4,"prop_d",0.169230769230769
"TYS_212","label",5,"prop_d",0.164383561643836
"TYS_212","label",6,"prop_d",0.148148148148148
"TYS_212","label",7,"prop_d",0.144578313253012
"TYS_212","label",8,"prop_d",0.12987012987013
"TYS_212","label",9,"prop_d",0.144736842105263
"TYS_212","label",10,"prop_d",0.168674698795181
"TYS_212","label",11,"prop_d",0.186046511627907
"TYS_212","label",12,"prop_d",0.183908045977011
"TYS_212","label",13,"prop_d",0.211764705882353
"TYS_212","label",14,"prop_d",0.161290322580645
"TYS_212","label",15,"prop_d",0.104651162790698
"TYS_212","label",16,"prop_d",0.133333333333333
"TYS_212","label",17,"prop_d",0.0919540229885057
"TYS_212","label",18,"prop_d",0.0843373493975904
"TYS_212","label",19,"prop_d",0.0740740740740741
"TYS_212","label",20,"prop_d",0.0869565217391304
"TYS_212","sound",0,"prop_d",0
"TYS_212","sound",1,"prop_d",0
"TYS_212","sound",2,"prop_d",0
"TYS_212","sound",3,"prop_d",0.0434782608695652
"TYS_212","sound",4,"prop_d",0.135593220338983
"TYS_212","sound",5,"prop_d",0.164556962025316
"TYS_212","sound",6,"prop_d",0.183908045977011
"TYS_212","sound",7,"prop_d",0.144578313253012
"TYS_212","sound",8,"prop_d",0.126760563380282
"TYS_212","sound",9,"prop_d",0.08
"TYS_212","sound",10,"prop_d",0.0886075949367089
"TYS_212","sound",11,"prop_d",0.107142857142857
"TYS_212","sound",12,"prop_d",0.117647058823529
"TYS_212","sound",13,"prop_d",0.0963855421686747
"TYS_212","sound",14,"prop_d",0.111111111111111
"TYS_212","sound",15,"prop_d",0.176470588235294
"TYS_212","sound",16,"prop_d",0.168831168831169
"TYS_212","sound",17,"prop_d",0.173913043478261
"TYS_212","sound",18,"prop_d",0.173333333333333
"TYS_212","sound",19,"prop_d",0.181818181818182
"TYS_212","sound",20,"prop_d",0.176470588235294
